TITLE,COMPANY,Salary,Race,Gender,YEARS_EXPERIENCE,Location_clean,JOB_DUTIES
[tech] editor,NONE SPECIFIED,80000,white,female,12,San Francisco,"write 2-3 articles a week, produce/write a weekly newsletter, on-stage events/interviews"
Account Manager,NONE SPECIFIED,70000,african,female,3,Los Angeles,"Manage Social Media Advertising for Conde Nast Consumer Marketing, Reporting,"
Afternoon Editor,NONE SPECIFIED,73000,white,female,4,"Washington, DC",lead producer
Animator,NONE SPECIFIED,80000,asian,female,5,New York,Graphics for digital
Art Director,NONE SPECIFIED,90000,white,female,6,New York,Manage editorial and branded art/design/video projects
Art Director,SF Weekly,60000,white,male,10,San Francisco,
Assignment Editor,NBC_News,60000,white,female,2,New York,Coordinate coverage for breaking stories
Assignment Editor,Gannett/NorthJersey.com,65000,white,male,15,New York City Suburbs,Managed about 10 reporters covering enterprise beats at two Gannett papers in two states. Responsible for training new journalists and covering the breaking news team in the afternoons and managed large breaking news events.
Assignment Editor,NONE SPECIFIED,81000,african,female,13,"Washington, DC","disseminate editorial information, gather editorial information, liveshot producer"
Assistant Art Director,NONE SPECIFIED,72500,noanswer,female,3,"Washington, DC","art direction, page design, pre-press production, photo selection, pretty much everything."
assistant audience editor,NONE SPECIFIED,75000,poc,male,1.5,New York,"edit, report, manage social channels, manage projects"
Assistant digital editor,AMI,35000,white,na,1,Chicago,"Social media, pitching and editing digital stories, also pitching long-form features for monthly print magazine"
Assistant Edior,Great Bowery,40000,mixed,female,6,New York,assist two executives with their editorial tasks
Assistant editor,The Atlantic,55000,poc,female,4,"Washington, DC",
Assistant editor,VoxMedia,48000,white,female,7,New York,"write multiple stories a week for the website, edit multiple web freelance stories a week, manage a section of the print magazine (pitch, assign, and edit pieces, coordinate with art, etc.), write for each section of the print magazine, contribute to a weekly podcast, appear on 3rd party media as needed"
Assistant Editor,NBC Sports Bay Area,39000,white,female,3,New York,
Assistant Editor,CBS Interactive,45000,poc,male,2,New York,"research, fact-checking, editing"
Assistant Editor,CBS Interactive,42000,asian,female,5,New York,Acquire and edit books; support two senior-level editors
Assistant Editor,Rolling Stone,60500,latina,female,8,New York,Editing daily news and features. Writing no less than 20 articles a month. Interviewing in English and Spanish. Translating. Transcribing.
Assistant Editor,WashingtonPost,48000,white,female,4,New York,"Assign/edit/write stories for online, assign/edit/write stories for the quarterly print magazine, contribute to a weekly podcast"
Assistant Editor,ProPublica,50000,white,female,"2 years FT, 2 years freelance (in college)",New York,"Writing, editing, and building articles in CMS. Writing, editing and building newsletters. Assisting senior editor with workflow. Planning photoshoots. Planning events. Occasional social media (IG story event coverage, posting articles on FB/Twitter)"
Assistant Editor,Wirecutter,41000,white,male,3,New York,"writing, editing, newsletter production, managing invoices"
Assistant Editor,Gimlet / Spotify,43000,white,female,6,New York,
Assistant editor,Digital_First_Media,55000,white,female,3,"Washington, DC",
Assistant editor,Atlanta Journal-Constitution,48000,poc,female,1,"Washington, DC","fact-checking, copy editing, project management"
Assistant editor,NONE SPECIFIED,92500,white,male,5,"Washington, DC",Commissioning and editing articles
"Assistant editor, audience",NONE SPECIFIED,75000,poc,male,1.5,New York,"Edit, right, manage social channels and platforms"
Assistant Editorial Producer,Multiple (freelancer),45000,white,female,5 years FT,New York,"producing and editing a weekly podcast. writing, editing, building articles in the CMS. sending daily newsletters. assisting with vairous editorial tasks (calling in products to shoot, event planning, pitching ideas, etc.)"
Assistant Fashion Editor,Hearst-Cosmopolitan,58500,poc,female,3,New York,"SEO posts, writing print pages, market research, photo research, writing news stories, reporting, writing headlines and deks, editing"
Assistant Managing Editor,NONE SPECIFIED,86000,latina,female,6,New York,"Manage fellowship program, oversee newsroom trainings, recruit and hire, maintain newsroom policies, manage distribution team"
Assistant Managing Editor,NONE SPECIFIED,105000,noanswer,noanswer,15,New York,
Assistant Managing Editor,The San Francisco Chronicle,45000,white,female,5,New York,assist managing editor and oversee production processes from manuscript acquisition to finished book
Assistant Managing Editor,NewYorkTimes,53300,white,female,5,New York,"Interdepartmental liaison, oversee schedules and deadlines, manage metadata, proofread files, supervise freelancers, etc."
Assistant Marketing Manager,PenguinRandomHouse,60000,white,female,5,New York,
Assistant Producer,NONE SPECIFIED,70000,white,female,1,"Washington, DC","Strategy for emerging news experiences - includes expertise in tech and media, audio production, journalism and tech ethics, etc."
assistant producer,WNYC,56000,white,male,3,New York,produce weekly podcast / radio program
Assistant Producer,NONE SPECIFIED,70000,white,male,3,"Washington, DC",Manage social media accounts for a vertical; audience engagement work; produce digital stories for web; write for newsletter; occasionally write/report web stories
Assistant Snapchat Editor,Cosmopolitan,58500,white,female,3,New York,"Curate and publish the Cosmo Stories snapchat edition, plan the editorial content for our daily Cosmopolitan Snapchat Discover edition, pitch and write for the print magazine's YOU section, edit video posts for the site, co-manage the editorial fellow, write up weekly and monthly reports for snapchat, act as a snapchat liason between the Cosmo US team and the Cosmo UK team, pitch and write stories for Cosmo's Snapchat channels, strategize editorial direction for snapchat channels, assist the Snapchat Editor for miscellaneous duties"
Assistant Video Editor,NewYorkTimes,57980,hispanic,female,4,New York,"Video editing, publishing, producing, field producing, writing, associate producing etc."
Assoc. editor,NONE SPECIFIED,82000,white,male,9,New York,"Editing, commissioning, producing"
Associate Art Director,NONE SPECIFIED,76200,latina,female,6,Los Angeles,"Manage a small design team, create graphic, illustration, and motion designs for various Editorial and Branded projects."
Associate digital editor,NewYorkPost,64000,white,female,5,New York,edit and publish syndicate stories to site
Associate Digital Editor,Meredith,58500,white,female,3,New York,writing 2-3 news/evergreen stories per day
Associate digital line producer,NONE SPECIFIED,68000,white,male,5,San Francisco,"Writing broadcast scripts, editing video, making graphics, pitching reporter stories, fill in producing hour streaming news broadcasts, being in charge of hourly wheel for replay of 24 hour cycle"
Associate Digital Producer,NONE SPECIFIED,70000,white,male,3,New York,Produce short videos for the website
Associate Director,NONE SPECIFIED,75000,white,female,6,Los Angeles,"Write strategy, manage a team, works remotely"
Associate Director Brand Marketing,NONE SPECIFIED,90000,white,female,6,New York,Ideating / creating program proposals for potential advertisers across multiple brands
Associate Editor,NONE SPECIFIED,73000,white,male,7,Boston,"Breaking news, features"
Associate Editor,Barstool Sports,55000,mideastern,female,8,Los Angeles,"Breaking news coverage, social media posts, writing and editing articles, SEO for articles"
Associate Editor,NONE SPECIFIED,70000,asian,male,5,New York,Editing
Associate Editor,Dotdash,60000,noanswer,female,3,New York,write + edit for all sections on the site
Associate editor,Wine Spectator,60000,white,female,6,New York,Writing and editing
Associate Editor,Public school division,45000,african,noanswer,3,New York,"writing, reporting, editing, processing images, pitching stories and original content, conducting interviews, etc."
Associate Editor,WashingtonPost,46000,white,male,5,New York,Acquire and edit nonfiction books. Provide editorial and administrative support to publisher and senior editor. 25-30 titles published per year.
Associate Editor,Bustle_Digital_ Group,60000,white,male,2.5,New York,"Editing staff writers and interns, managing editorial calendar, reporting and writing posts"
Associate Editor,Future,58500,white,na,5,New York,"Editing, writing, e-commerce, social media"
Associate Editor,Bustle_Digital_ Group,58500,white,female,4,New York,"Manage team of part-time writers, edit large volume of weekly posts, feature writing"
Associate Editor,VICEMedia,60000,white,female,3,New York,"assigning and editing ~10 articles a week, writing timely blogs (culture/entertainment) and longer features, participating in editorial meetings and tentpole content brainstorming"
Associate Editor,NONE SPECIFIED,71000,white,female,5,New York,"Blog writing, create multimedia content."
Associate Editor,Meredith,65000,white,female,3,New York,Section editor for print.
Associate editor,HuffPost,45000,white,male,3,New York,"SEO, Web Production, Writing, Production Management, Audience Dev"
Associate Editor,NewYorkTimes,50000,white,female,4,New York,Writing and editing for print magazine
Associate Editor,Dotdash,60000,white,female,4,New York,
Associate Editor,NONE SPECIFIED,67000,hispanic,female,4,San Francisco,- Write daily news stories - Create multimedia - Manage 3 social media channels
Associate Editor,public radio,45000,white,female,2,San Francisco,
Associate Editor,WallStreetJournal,55000,white,male,14,"Washington, DC",Write and edit copy
Associate Editor,The Atlantic,60000,asian,male,3,"Washington, DC",
associate editor,an association,58000,poc,female,18,"Washington, DC","write stories for online newsletter, write articles for magazine, edit freelance content"
Associate Editor,Crain’s,50000,poc,female,1,"Washington, DC",
Associate Entertainment Editor,Cosmopolitan,62500,white,female,3,New York,"Pitching and executing 1-3 digital entertainment stories every day, writing 2-3 entertainment stories for print monthly, interviewing celebrities, doing a weekly Instagram live show, pitching comprehensive coverage plans around certain shows and movies, executing SEO-oriented ideas"
Associate Graphics Reporter,WallStreetJournal,70000,noanswer,noanswer,2,New York,
Associate Marketing Manager,TripAdvisor Media Company,50000,white,female,5,New York,"author care, imprint social media marketing, title specific marketing, indie bookstore marketing"
Associate Marketing Manager,WashingtonPost,49500,white,female,5,New York,
Associate Photo Editor,NONE SPECIFIED,68000,white,female,3,New York,"Assigning photographers for print and online stories, working on feature stories, portraits, and TIME covers. Shoot production for large scale projects. Website photo production for large scale projects. Photographing for magazine. Training all non photo editorial staff on photo best practices/photo research. Live event editing. Creating photo illustrations. Breaking news coverage."
Associate Photo Editor,Wirecutter_NYT,58000,white,male,3,New York,"Photograph original content, retouch, coordinate shoot schedules with writers and editors, maintain studio space, produce and style original shoots, handling rush content from editors and processing images from freelancers and writers, selecting stock/product imagery"
Associate Producer,Verizon Media,45000,white,female,3,Boston,"Produce a weekly two-part local news program from start to finish. Duties include but not limited to: Generating ideas for segments, booking, social media, managing interns, writing scripts, pulling archival tape for interviews, writing promos, filing invoices for regular contributors and writing show weekly newsletter."
Associate producer,Many,54000,white,female,5,Los Angeles,"Produce multiple segments a week, pre-interview and book guests, edit on various platforms, write scripts, pitch, post to social"
Associate Producer,NowThis,57500,noanswer,noanswer,2,New York,"editing social video, producing/shooting original content, writing scripts"
Associate Producer,"CNN (Digital, non-video)",62400,hispanic,female,4,New York,"Editing text, liaison with video teams, writing"
Associate Producer,NONE SPECIFIED,80000,white,female,4,New York,everything under the sun for audio production
Associate Producer,NONE SPECIFIED,75000,asian,female,2,New York,"Field produce interviews and b-roll shoots, cover and shoot trials, booking interviews, shoot, write, and edit social media content in tandem with on-air pieces. Assist with scripting, research, fact-checking and pre-interviewing. Work with NBC affiliate and promo teams to plan week of air coverage."
Associate Producer,NONE SPECIFIED,70000,hispanic,female,4,New York,"Lining, segment producing, creating rundowns, etc."
Associate Producer,Hearst,58500,noanswer,female,1.5,New York,"produce, edit, shoot"
Associate Producer,big company's small editorial pub,53000,asian,male,2,New York,"Script writer, shooter, editor, animator, voice over artist"
Associate Producer,Al Jazeera,53500,white,female,4,New York,"Studio Producing, Videography, Coordinating/Scheduling, Equipment management"
associate producer,NONE SPECIFIED,65000,white,female,2,New York,
Associate Producer,HarperCollins Publishers,50000,asian,male,3,New York,
Associate Producer,CNN,63000,white,female,4,New York,
Associate Producer,CBSNews,63080,poc,female,4,New York,"Producer/crash day-of-air pieces overnight (write and oversee edits, coordinate with correspondents)"
Associate Producer,CBSNews,60000,white,male,4,New York,"Live feeds, content collection, editing, etc"
Associate Producer,CBSNews,64200,white,male,15,New York,"Lots of duties - Edit and write VOSOTS, research, newsgathering, communication with affiliates and other partners"
Associate Producer,Meredith,63000,white,female,8,New York,"Produce, shoot, edit video content for web. After effects heavy."
Associate Producer,CBSNews,64000,white,female,2,New York,"Monitor breaking news, newsgathering, provide editorial judgement for all shows as well as social/web, launch crews and delegate plans for story coverage for broadcast."
Associate Producer,VICEMedia,62000,white,female,2,New York,"pitching, developing, hosting, post-producing videos"
Associate Producer,NONE SPECIFIED,70000,mixed,na,4,New York,"Pitching, reporting, and producing"
Associate Producer,WashingtonPost,50000,white,male,2,New York,Video Producing
Associate Producer,MSNBC,60000,white,male,8,New York,
Associate producer,Vox.com,50000,noanswer,na,2,San Francisco,"Managing social media accounts, producing segments on pre/postgame shows, pitching ideas for shows, fill in producing, producing local sports hits/news updates, fill in producing live shows ( for no extra salary), field producing live events, producing feature stories"
Associate Producer,Government,50000,white,male,2,San Francisco,"Produce segments for pre/postgame shows, fill in produce hour broadcast shows, manage social media accounts, produce feature stories, produce/edit news updates and local sports segments, field produce"
"Associate Producer, Podcasts",VoxMedia,58000,poc,male,2,New York,"production, marketing, and logistics for various podcasts across our network and verticals"
Associate social media editor,WallStreetJournal,50000,white,female,1,New York,"Managing social media accounts with millions of followers, distributing flow of daily articles and design content across platforms, copy editing blogs, optimizing seo and meta data, compiling and managing daily newsletter, assisting publisher and marketing department with sponsored campaigns, moderating audience across platforms, increasing audience engagement, data analytics & analysis, pitching & writing blogs, designing social visual assets, among other tasks."
Associate Video Journalist,WallStreetJournal,65000,latina,female,2,New York,"Pitch, script, shoot, and edit videos for social media and website"
Associate Video Producdre,NONE SPECIFIED,82000,black,male,4,New York,"Pitch, research, gather assets, fact check, coordinate budgets, book talent, edit and produce videos."
Associate Video Producer,Business Insider,46000,white,male,3.5,New York,"Produce, shoot, livestream, edit, post, and write copy for all videos on website"
Associate Video Producer,NewYorkTimes,53000,white,female,3,New York,"Produce breaking news videos; Pitch, report on and produce longer feature video stories"
Associate Video Producer,Reuters,53000,poc,male,3,New York,"pitch, write, shoot, edit breaking news videos"
Audience,NONE SPECIFIED,67000,poc,female,3 years,"Washington, DC","build audience, social strategy, etc."
Audience and Growth Manager,Brooklyn Eagle,65000,white,female,6,New York,
Audience development strategist,NONE SPECIFIED,67000,noanswer,noanswer,4,New York,"Fielding data requests, putting together coverage recaps, writing timely posts, working on a variety of content strategy projects"
Audience Editor,HuffPost,65000,white,female,3,New York,"scheduling Facebook/Twitter/Instagram, working on SEO and headlines, looking at stats and setting goals with newsroom teams, covering live events on social like debates/awards shows, etc."
Audience Engagement,AdvanceLocal,63300,white,female,4,New York,"Social media, community management, brand management, moderation"
Audience Engagement,New York Magazine/Vox,55000,white,female,2,New York,
Audience Engagement Editor,Science News,61400,white,male,5,"Washington, DC","Social media, web analytics, newsletter production, reader feedback management, editorial-side audience strategy"
Audience Engagement Editor,NONE SPECIFIED,68000,black,female,2,Los Angeles,Managing social media accounts
Audience Engagement Editor,Los Angeles Times,64000,latina,female,2,Los Angeles,
Audience Engagement Editor,NONE SPECIFIED,68000,asian,female,2,"Washington, DC",
Audio Producer,CondeNast,62000,white,female,5,New York,"Booking, recording, and editing one weekly podcast and two monthly podcasts."
Audio Producer,NONE SPECIFIED,92000,white,female,7,"Washington, DC",
Beat Reporter,NONE SPECIFIED,72000,hispanic,male,5,Los Angeles,Enterprise and assignment reporting for radio & web. Multiple filings weekly
Blogger,NONE SPECIFIED,175000,noanswer,male,10,New York,Blogging and podcasting
Breaking news reporter,New York Daily News,60000,white,female,4,New York,"Breaking news, crime, politics, features"
Bureau Chief,A B2B trade publication,58000,white,female,12,Los Angeles,Run entire west coast bureau
Columnist,ABCNews,37500,black,female,9,Boston,Daily column
Commerce editor,NONE SPECIFIED,70000,white,female,4,New York,Section head overseeing all commerce content creation
Commerce Editor,NONE SPECIFIED,75000,white,male,"5+ years writing/editing experience
1.5 years FT",New York,"Manage and hire team members, write articles, edit content submitted by freelance writers"
Commerce Writer,GQ,62000,noanswer,noanswer,3 years FT,New York,Just writing now
Communications & Marketing Manager,NONE SPECIFIED,64000,black,female,5,New York,"Social media management, campaign management... social content creation/ pull analytics/ lead and execute social campaigns.. produce video content for social... support events.  + Overall management of communications - brand voice, emails, copy etc.."
Communications Specialist,NONE SPECIFIED,75000,noanswer,female,2,New York,
Community reporter,Red Bull Media House,36000,poc,male,6,Los Angeles,Deal with multiple agencies as part of beat that can range from long term work to breaking news. Expected to file four to six stories in a given week.
Congressional Reporter,NONE SPECIFIED,80000,white,male,5,"Washington, DC",Cover Congress with specific policy focus
Content Director,NONE SPECIFIED,100000,white,female,15,Los Angeles,"manage four EICs, work on audience development, etc."
Content marketing manager,NONE SPECIFIED,120000,white,female,8,Boston,"Manage a team, content strategy, freelancer management, writing, editing"
Content Partnerships Coordinator,"Forbes Media, LLC.",60000,african,female,2,New York,
"Content Producer, Writer & Coordinator",NONE SPECIFIED,69000,poc,female,7,New York,"Content strategy, content coordination, writing, content production"
Content Strategy Manager,Hearst Digital Media,65000,white,female,3,New York,"Manage all social platforms including FB, Instagram, YouTube, TikTok, Twitter"
Coordinating Producer,NONE SPECIFIED,100000,noanswer,na,8,New York,
Coordinator,VoxMedia,54000,white,female,3,New York,
Correspondent,NONE SPECIFIED,140000,white,female,25,"Washington, DC",
Creative Project Manager,NONE SPECIFIED,81000,african,female,5,New York,
Culture Writer,NONE SPECIFIED,70000,white,female,4,New York,"covering books, tv, pop culture news, etc, 2-3 news stories daily plus several longer features weekly"
Data journalist,NONE SPECIFIED,100800,mixed,male,8,Chicago,"Data analysis, web development, R&D"
Data journalist,NONE SPECIFIED,103000,noanswer,male,5,"Washington, DC","Analyze data, write stories for npr.org, create data visualiziations"
Data reporter,NONE SPECIFIED,90000,asian,male,2.5,New York,"Data analysis, cleaning, reporting and writing for investigations"
Data Reporter,NONE SPECIFIED,125000,poc,male,7,"Washington, DC","data analysis, graphics, reporting, writing"
Deputy Editor,Americas_Test_Kitchen,62000,white,female,6,Boston,
Deputy Editor,NONE SPECIFIED,95000,white,male,10,New York,"Basically keeping everything running behind the scenes, editing both features and short posts, working with freelancers, maintaining budgets, coordinating video"
Deputy Editor,NONE SPECIFIED,160000,black,male,20,New York,"Edit stories, assign stories, managerial and personnel duties"
Deputy editor,NONE SPECIFIED,90000,black,male,10,New York,Literally everything.
Deputy Editor,NONE SPECIFIED,85000,white,male,5,New York,"Pitching, writing, and editing for digital; content strategy and audience development; print-to-digital integration"
Deputy editor,NONE SPECIFIED,102000,white,female,6,New York,"top-editing, managing team, assigning"
Deputy Editor (Department),NONE SPECIFIED,130000,white,male,18,New York,Coordinate content among departments
Deputy Editor (Major Section),NONE SPECIFIED,145000,noanswer,female,"15 years, 3 freelance",New York,
Deputy editorial director,NONE SPECIFIED,150000,white,female,,New York,
Deputy National Editor,NONE SPECIFIED,175000,white,female,15,New York,
Deputy news editor,NONE SPECIFIED,90000,noanswer,male,15,New York,"supervise 5 reporters, edit copy"
Deputy Off-Platform Editor,NewYorkTimes,180000,poc,female,3,New York,Lead the team handling coverage and distribution of our journalism across platforms
Designer,Bustle_Digital_ Group,62000,white,female,3,New York,
Designer,Hearst,58000,noanswer,male,,New York,
Designer,NONE SPECIFIED,80000,white,female,7,"Washington, DC","animation, digital layout and design, illustration"
Designer,NONE SPECIFIED,80000,white,na,7,"Washington, DC","animation, layout/design, illustration"
Designer/editor,Politico,51000,white,female,9,Chicago,Designing and editing for print
Desk assistant,WallStreetJournal,50000,white,male,7,New York,
Desk Editor,NONE SPECIFIED,80000,white,male,8,New York,"Manage 1 writer, write/edit/oversee 24 posts per week + edit/manage 1/3rd of quarterly magazine"
Desk Editor,PBS NewsHour,60000,asian,male,15,"Washington, DC","managing desk, breaking news, ingest, field crews, production operations, etc"
Digital and Social Media Producer/Editor,NONE SPECIFIED,77000,noanswer,female,10,New York,"Research, pitch, produce, and edit companion social-first videos for a television network."
Digital Designer,CondeNast,60000,asian,female,2,New York,"Web design, animation, marketing design for Condé Nast's brands' digital fronts"
Digital Editor,NONE SPECIFIED,77500,white,female,6,New York,"editing, managing freelancers, some administrative duties, occasional writing"
Digital editor,amNewYork,56000,white,female,8,New York,"Report, write, edit, run website, schedule all social, posts and curate and send the daily newsletter"
Digital Editor,NONE SPECIFIED,85000,mixed,male,5,New York,"Run website, manage social posting, responsible for growth"
Digital Editor,NONE SPECIFIED,75000,white,female,7,New York,Write and edit news and beauty features
Digital Editor,Hearst,65000,white,female,5,New York,"Write, edit and publish stories on fashion and beauty, style photo shoots"
Digital Investment Specialist,Canvas Worldwide,62000,noanswer,female,2,Los Angeles,
digital journalist/editor,NONE SPECIFIED,95000,white,male,10,Los Angeles,"Write enterprise stories, copy edit myself, assign out to freelancers, post to social media"
Digital Line Producer,NONE SPECIFIED,85000,white,male,5,San Francisco,"Stacking live hour streaming news show, writing scripts, editing video, leading associate producers, directors and talent, boothing live show, coordinating live updates and breaking news"
Digital Manager Editor,NONE SPECIFIED,70000,white,male,7,New York,Responsible for all things digital (web + social)
Digital managing editor,NONE SPECIFIED,72000,white,male,9,New York,overseeing digital and social teams
Digital Media Manager,NONE SPECIFIED,58000,white,female,2,"Washington, DC","Manage small advertising team under director of advertising, work with clients/account teams, write reports, set up client dashbords, and sometimes book TV, print and radio buys. A little bit of everything."
Digital Multimedia Journalist,NBC Owned Television Stations Group,65000,asian,female,4,New York,"Writing breaking news, stories, social posts, posting wires, managing website, editing photos/videos, producing digital videos"
Digital Photo Editor,NONE SPECIFIED,70000,white,female,5,New York,
Digital Producer,NONE SPECIFIED,74000,hispanic,female,4,New York,"Develop, shoot, and post produce content for VICE’s Video Player and YouTube Channel."
Digital Producer,Meredith,58500,white,female,2 (including cumulative college experience),New York,"Pitching news platforms, debugging site, editorial assistant type duties, aggregation writing, light social strategy, syndication editing, designing special projects, occasional reporting/transcribing/fact checking, admin for WordPress, Slack, Airtable, etc."
Digital Producer,The Associated Press,50000,black,female,2.5,New York,website content
Digital Producer,National Geographic,57000,white,female,3,"Washington, DC","Build, photo edit, and headline daily digital stories. Occasionally write and research."
Digital Producer,NPR affiliate in D.C.,65000,asian,female,1,"Washington, DC","audience engagement, social media posting, website wrangling, occasional on-air production, other duties as assigned."
Digital Producer,LA Times,50000,white,female,1.5,"Washington, DC","Copy editing content, formatting articles for the website, arting stories, tracking stats, occasional writing tasks, other misc. jobs"
Digital Producer,NONE SPECIFIED,79000,asian,male,5,"Washington, DC",
Digital Writer,ProPublica,45000,white,female,4,New York,
Director,NONE SPECIFIED,95000,white,female,15,New York,"writing and editing for print and digital, strategy, assigning, managing, overseeing budget, etc."
Director,NONE SPECIFIED,70000,mixed,male,5,"Washington, DC","Writing, editing, strategy, and direction"
Director (Major Section),NONE SPECIFIED,145000,white,female,20,New York,Manage several editors; write and edit articles (20+ pages a month + 25+ digital stories/month); work on marketing programs & branded content for sales side
Director of audience development,NONE SPECIFIED,130000,white,female,8,New York,
Director of Content,Seamans Media,60000,white,male,3,Boston,"Run the print and digital efforts of one of Seamans Media's six titles. The magazine is printed seven times a year, while the website requires between three and five stories a day. Other aspects of the job are social media, newsletters, editing, writing and website management."
Director of Social Media,NONE SPECIFIED,95000,poc,female,7,New York,"Manage team of 4 and all social platforms, on call 24/7 for breaking news, social/search/aud dev strategy, work with all teams across company including sales and product, style guides and trainings for newsroom, meetings/crisis management/handholding, pitching/writing/editing"
Ecommerce Writer,Meredith Corporation,58500,white,female,4,New York,
Editor,WallStreetJournal,50500,white,female,2+,Boston,"Editing features and reviews, assigning articles, content planning, writing, testing"
Editor,Newsy,63000,poc,female,15,Chicago,copyediting
Editor,TheSkimm,34000,white,male,4,Chicago,"Wrote and edited local entertainment features, columns and hundreds of concert previews for The Onion's weekly print edition and daily A.V. Club website, building a distinct local voice and audience for a national media outlet.
Led editorial expansion from a weekly print section to a daily local arts website.
Managed Twitter and Facebook accounts and weekly email newsletters.
Worked with freelance writers, photographers, an assistant editor, and interns to meet daily and weekly story deadlines and maintain an online events calendar."
Editor,NONE SPECIFIED,105000,white,male,4,"Washington, DC",audio side
Editor,NONE SPECIFIED,115000,white,female,12,Los Angeles,
Editor,GOOD / Upworthy,65000,noanswer,female,6,Los Angeles,"Edit and write for three digital websites, manage a team of freelancers, oversee all branded editorial content and branded social content, produce e-commerce articles"
Editor,NONE SPECIFIED,118000,noanswer,noanswer,22,New York,Editing/Writing
Editor,NONE SPECIFIED,70000,white,male,10,New York,
Editor,Bustle_Digital_ Group,61000,white,female,3,New York,Manage writers and vertical content
Editor,NONE SPECIFIED,120000,white,male,8,New York,Writing/Editing/Production
Editor,NONE SPECIFIED,75000,white,female,7,New York,"Manage and edit four writers, spearhead development of a vertical"
Editor,NONE SPECIFIED,70000,white,female,6,New York,Acquiring and editing books.
Editor,NONE SPECIFIED,80000,white,male,10+ years of writing/editing,New York,"Managing freelancers, assignments, and editing copy"
Editor,NONE SPECIFIED,80000,poc,male,7+ years of writing/editing,New York,"Managing freelancers, assignments, and editing copy"
Editor,NONE SPECIFIED,31000,noanswer,noanswer,2,New York,
Editor,NONE SPECIFIED,69000,white,female,6,New York,
Editor,NONE SPECIFIED,96000,white,female,7,New York,
Editor,NONE SPECIFIED,104000,white,female,10,San Francisco,"Editing, producing, reporting, project management, on-air"
Editor,NONE SPECIFIED,71000,white,female,3,"Washington, DC",
Editor,Universal McCann,43000,white,female,2,"Washington, DC","Assign, edit and produce stories; contribute content; all social media duties"
Editor / Animator,NONE SPECIFIED,105000,white,male,8,"Washington, DC","Editor, Motion GFX, Graphic Design, Finishing"
Editor and reporter,NONE SPECIFIED,100000,white,male,45,San Francisco,"Reporting, writing, editing and producing digital and broadcast news and features, with many associated tasks."
Editor at Large,BuzzFeed News,50000,noanswer,male,20,New York,Covering an array of complex topics that require a considerable amount of expertise and savoir faire. The job is about three-quarter time all told.
Editor I,NONE SPECIFIED,100000,white,female,15,"Washington, DC",
Editor in Chief,The Intercept,368249,white,female,30,New York,Go to meetings
Editor in Chief,NONE SPECIFIED,150000,white,female,15,New York,Lead editorial team and content strategy; partner with sales team to develop sponsored content programs
Editor in Chief,digital media company,200000,mixed,female,22,New York,Oversee an online publication with a staff of six
Editor in Chief,NONE SPECIFIED,70000,white,male,8,San Francisco,"Reporting, Editing all stories, Assigning almost all stories, helping with social media, running website, coordinate/manage freelancers, manage freelance budget"
Editor-at-large,NONE SPECIFIED,120000,white,female,,New York,
Editor-in-chief,NONE SPECIFIED,150000,white,male,14,New York,
"Editor, Staff Writer",NONE SPECIFIED,68000,white,female,7,New York,
Editor/Designer,OZY,53000,white,female,30,Chicago,"Source edit, copy edit, page design for print publications across Tribune Publishing"
Editor/reporter,NONE SPECIFIED,126000,white,male,20,New York,"Report, write, edit, train. Not supervising anyone directly."
Editorial / Executive Assistant,National news site,45000,white,female,3,New York,"everything from managing EIC's calendar and email, acting as central admin for 50+ employees, schedule and coordinate all internal and external meetings for editorial team, booking all travel for editorial team, posts jobs resume reading phone interviewing and scheduling, research projects, transcribing and proofing, etc etc etc etc etc etc etc etc etc etc etc etc"
Editorial Assistant,Finishing House,50000,mideastern,female,3,New York,"Edited and assigned articles; manages article workflow; wrote event picks, news briefs, reviews, etc; prepared and edited email newsletters; managed and maintained Hyperallergic’s Twitter and Instagram; vetted article submissions via Submittable; maintain professional correspondence with publisher, editors, writers, etc.; kept track of article deadlines and calendar; put together monthly and seasonal art guides"
Editorial assistant,WallStreetJournal,41000,white,female,4,New York,Basically a glorified administrative assistant slash editor
Editorial Assistant,NONE SPECIFIED,68000,white,female,2,New York,"fact checking, schedule maintaining, administrative duties"
Editorial Assistant,Nonprofit news outlet,62000,asian,na,1,New York,
Editorial Assistant,NBC_News,35999,black,na,1.5,New York,
Editorial Assistant,NONE SPECIFIED,37000,white,na,1,New York,Reading 500+ pages of manuscript submissions a week. Writing jacket copy. Mailings. Compiling image and text permissions. Managing multiple interns. Communicating with authors and agents about payments. Meeting with authors and agents to acquire new projects.
Editorial Assistant,Hearst,35000,noanswer,female,1,New York,"Sending projects out for peer review, creating contracts, managing projects from review to publication, managing authors, etc."
Editorial Assistant,Bloomberg,50700,white,female,2,New York,"edit daily column, 1-2 news stories/day, 1-2 longer stories/month"
Editorial Assistant,CondeNast,35000,white,female,2,New York,Assistant to the editor in chief (+ other administrative duties); write 3-4 print articles per month and about 2-3 digital articles per month.
Editorial Assistant,Slate,57000,black,female,2 years FT,New York,"feature writing + reporting, ocassional daily blogging, admin work, podcast hosting"
Editorial Assistant,NYT,35000,white,female,"0-1, entry level",New York,"writing, transcribing, some editing, fact checking"
Editorial Assistant,WashingtonPost,40800,white,female,3,New York,
Editorial director,NONE SPECIFIED,85000,poc,female,21,Los Angeles,"Manage all editorial, custom content for two vertical markets"
editorial director,CondeNast,245000,noanswer,female,18,New York,"directing editorial team of 4+ people to produce print and integrated products on behalf of in-house brands, as well as branded content"
Editorial Director,Refinery29,190000,white,female,,New York,
Editorial Director,NONE SPECIFIED,90000,white,female,11,New York,"Overseeing a newsroom of 10 people, developing and executing editorial strategy, editing and planning all major editorial franchises (columns, events, video, etc.)"
Editorial Operations Manager,NONE SPECIFIED,85000,poc,male,3,"Washington, DC","Training, management, data analysis"
Editorial Producer (booker),NONE SPECIFIED,77000,poc,female,4,New York,"Book guests for national news, develop long-term stories and relationships"
Editorial Production Assistant,Nonprofit news outlet,48000,asian,female,2,Boston,"University calendar management, story production (layout, copy editing, photo selection, SEO headlines, heds/deks/summaries) via Wordpress, newsletter assembly (as needed), occasional writing/reporting, managing additional side projects (as needed)"
Engagement Editor,Penske Media Corporation,45000,white,female,3,Boston,"Managing social media, packaging and promoting new essays."
Engagement editor,Enthusiast Magazine,45000,poc,female,2,Chicago,"Manage social accounts and build strategy, audience-driven reporting, work on engagement strategy for stories"
engagement editor,NONE SPECIFIED,75000,white,na,3,"Washington, DC",manage/program social accounts for national news org; homepage; push alerts; some editing for digital stories; some reporting
enterprise reporter,NONE SPECIFIED,110000,poc,female,6,San Francisco,Write and report out enterprise/investigative stories
Entry-level reporter,Bloomberg,60000,noanswer,female,0,New York,Reporting
Executive Assistant,Hearst Digital Media,35000,black,female,2.5,New York,"Manages the calendar of the EIC, arranges travel reservations (booking flights, cars, and hotels), answers phone, handles all incoming and outgoing mail, takes thorough notes and helps prepare EIC for meetings and events and podcasts, runs personal errands, arranges copying, faxing mail and a variety of other messenger services, maintains centralized contact lists, reports, records and spreadsheets, processes expense reports, reserves conference rooms, schedules staff-wide meetings, keeps office space tidy and organized, and coordinates catering services and team events, contributes editorially (building weekly newsletters and writing for the mag), manages relationships between staff members and external partners and industry influencers, advises and leads diversity and inclusion efforts at the brand, fosters productive working relationships with staff members and assists with various projects as necessary and a whole lot more."
Executive editor,USATODAY,42000,white,female,7.5,New York City Suburbs,"Running an entire newspaper that publishes weekly, i.e. writing 6+ stories, managing freelance submissions, layout an entire paper in InDesign, copyedit entire paper, compile event listings, manage social media, update the website"
"Executive Editor, News",NewYorkTimes,350000,black,noanswer,30,New York,
Fact Checker,NONE SPECIFIED,69500,black,male,5,New York,Fact-checking articles and public-facing copy
FACT-CHECKER,Ai,42000,noanswer,female,1,New York,
Features Editor,NONE SPECIFIED,100000,white,female,10,New York,"Conceptualize, assign, and edit feature-length health and science pieces (8/week); write weekly; work w/ social media team to promote vertical; attend pitch/brainstorm meetings; work with video and photo teams on packaging; etc."
Fellow,NONE SPECIFIED,74000,noanswer,noanswer,(all fellows are paid the same),New York,https://www.nytimes.com/interactive/2018/jobs/times-fellowship.html
Field Producer,NONE SPECIFIED,110000,hispanic,female,8,Los Angeles,"Producing live reports, pkgs, writing"
Field Producer,NONE SPECIFIED,88000,white,female,10,New York,Longform field producing
Former Style & Grooming Editor,Hearst,55000,white,male,3,New York,"Write at least three stories a day (mostly e-commerce based), manage freelancers and editorial fellow"
Freelance Journalist,Meredith Corporation,25000,white,male,5,New York,"Contribute on average one feature, independent reported story per week, 40-50 so far in 2019"
Freelance Opinion Columnist,AJ+/Al Jazeera English,50000,white,female,6,New York,"Write one 800-1000 word column per week, pegged to the news cycle."
Freelance Writer,Politico,12000,black,female,3,New York,"Writing reviews, essays and interviews"
Freelance Writer & Editor,NONE SPECIFIED,135000,asian,female,19,New York,
General Assignment Reporter,Law360,64668,black,female,3,New York,"reporting and writing multiple stories daily on litigation, regulation, public policy and other legal news"
General assignment reporter,Law360,64872,white,female,5,New York,"Write several stories a day about legal and policy updates, mainly based off court documents. Sometimes write deeper features and analyses"
Global Media Manager,NONE SPECIFIED,85000,black,female,5,New York,"Account Management, Media Planning"
Graphic Artist,VoxMedia,12694,white,male,13,New York,"Create still/motion graphics for a daily show in 2D/3D on a very tight turnaround schedule.  Also handle requests for show packaging, sales and ad requests, support the scenic art directors and wardrobe department."
Graphics Director,WallStreetJournal,180000,white,female,,New York,
Graphics Editor,NONE SPECIFIED,110000,noanswer,female,5,New York,
Graphics Editor,NONE SPECIFIED,95000,white,female,9,New York,"Created and maintain the style guide, produce daily graphics, social graphics, original reporting, web development"
"Graphics Editor (really a reporter, I don't act in an editor capacity)",NONE SPECIFIED,122000,poc,female,5,New York,create interactives and other graphics
Graphics reporter,NONE SPECIFIED,92000,poc,na,8,Los Angeles,"Charts and graphics, web development, design, original reporting"
Graphics Reporter,NONE SPECIFIED,81000,white,female,9,New York,"Charts and graphics, web development, design, original reporting"
Graphics reporter,NONE SPECIFIED,100000,white,male,3,"Washington, DC","Data visualization, web development"
Graphics Reporter,NONE SPECIFIED,86000,white,female,4,"Washington, DC","data journalism, graphics, reporting"
head of content,NONE SPECIFIED,130000,white,female,15,New York,"editing, strategy, operations"
Head of Planning,NONE SPECIFIED,135000,poc,female,20,"Washington, DC",Organize and coordinate newsroom workflows and coverage
Homepage/social media editor,Tech company,51000,white,male,8,Chicago,"Edit homepage, post on institutional social accounts, cover breaking news, work with reporting teams to prepare projects for online success"
Investigative Journalist,The Daily Beast,48000,white,male,5,"Washington, DC","FOIA, source generation and interviews, open source and database research, for projects I conceive and pitch and for my coworkers, along with some oversight and consulting on organization wide projects"
Investigative Reporter,Nonprofit,60000,white,female,3,Chicago,"Report and write investigative stories, shoot photo/video, data analysis"
Janitor,NowThis,19000,hispanic,na,15,New York,Cleaning
Journalism Teacher,High School,56000,white,male,7,Boston,Teaching high students how to produce media and broadcasting content.
Journalist,NONE SPECIFIED,90000,poc,female,4,New York,"Researching, interviewing, pitching, and writing content for all of Oath's digital entities. Also brainstorming, pitching, and creating ideas for RFPs for Oath's creative agency."
Journalist,NONE SPECIFIED,93000,white,female,6,New York,
Journalist / Host,NYC Local News,55000,black,male,18,Los Angeles,"Hosting, assisting in producing, booking"
Junior Motion Graphics Designer,Hearst,58500,white,female,2,New York,Digital motion design across social platforms and website
Junior Reporter,WallStreetJournal,50700,black,female,1,New York,"pitching, reporting, writing articles"
Junior Reporter,Major Canadian media organization,50700,white,male,1,New York,
Legal reporter,NONE SPECIFIED,68000,white,female,2,"Washington, DC",lawyer writing about litigation
Legal reporter,Bloomberg Law,59000,white,male,"4 years in journalism, plus law degree","Washington, DC","Reporting from court filings, attending court hearings, interviewing litigants and attorneys in cases, as well as other legal experts"
Legal Reporter (Courts Coverage),NONE SPECIFIED,68000,white,female,5,Los Angeles,"Cover 1-2 court hearings a day, sometimes jury trials, other times reporting on documents"
Line Producer,NONE SPECIFIED,145000,white,male,10,Los Angeles,
Literary Assistant,"Prefer not to say, sorry",45000,white,female,5,New York,"liaise with authors, draft contracts, process payments, read proposal and manuscript submissions, sometimes edit clients' work, write pitch letters, track submissions to publishers, manage agents' calendars"
Managing Editor,Brooklyn Eagle,59000,white,female,1.5,New York,"Overseeing team of 6 writers, editing 45+ staff stories per week, managing CMS and editorial calendar, running company Twitter account, editing freelance stories"
Managing Editor,Bloomberg,54500,white,female,8,New York,"Running the entire company in addition to pitching and writing 3 articles a day, social media 12x a day, curating half the site, managing freelancers, lead on all marketing and special project management."
Managing Editor,NPR,54000,white,male,12,New York,"Oversee production, traffic digital and physical materials, vet and acquire new titles, copyedit all titles, oversee designers, interns, broader editorial and creative direction, more..."
Managing Editor,News Corp,51000,white,female,4,Chicago,"Writing, editing, reporting, social media, influencer marketing, copywriting sponsored content"
Managing Editor,NONE SPECIFIED,100000,noanswer,noanswer,10,New York,"Manage NY, Philadelphia, Boston editions of daily newspaper"
Managing Editor,NONE SPECIFIED,84000,white,female,10,New York,Editing and assigning stories; managing freelance budget; assigning and editing freelance; managing editorial calendar
Managing Editor,NONE SPECIFIED,115000,white,female,15,New York,
"Managing Editor, Digital",NONE SPECIFIED,84000,white,female,9,New York,"managing employees, overseeing digital content + strategy, project management, writing + editing copy"
Marketing Coordinator,CondeNast,49000,white,female,3,New York,Create and execute customer subscription campaigns
Marketing Director,NONE SPECIFIED,107000,noanswer,female,13.5,New York,"Pre-order campaigns, digital and social media strategies, influencer outreach, book club coordination, coordinate sweeps and cross-promotions"
Marketing Manager,NONE SPECIFIED,90000,white,female,5,New York,Pre-sale marketing
Marketing Solutions Strategist,Refinery29,60500,white,female,2,New York,Answer pre-sale RFPs
Media Strategy Supervisor,NONE SPECIFIED,75000,latina,female,4,New York,
Metro reporter,NONE SPECIFIED,120000,white,female,8,New York,General Assignment & Investigations
Midday radio host,BuzzFeed,16000,white,male,35,Boston,"Fake laugh at jokes, kill the ratings of any show I’m on, never question any of my bosses"
Multi platform editor,NONE SPECIFIED,71000,poc,na,12,"Washington, DC",
Multimedia Storyteller,NONE SPECIFIED,90000,white,female,20,"Washington, DC","concept development/video, photo, audio story production"
Multiplatform Editor,NONE SPECIFIED,94000,noanswer,male,13,Boston,"Copyediting, headline writing, basically just a rebrand of copyeditor for the web"
Multiplatform editor,NONE SPECIFIED,84000,white,female,5,Boston,"Copy editing, headline writing, web production (adding photos, related links, etc), social media, newsletters, push alerts, some webpage layout. My job is on the express desk (our breaking news operation), so it’s more of a hybrid role than the folks on the print side."
Multiplatform editor,WashingtonPost,65000,hispanic,male,4.5,"Washington, DC",Building app edition and curating story files
Multiplatform Editor (Part-time),WashingtonPost,56000,latina,female,2,"Washington, DC","Editing stories and online verticals for grammar, consistency, style, and facts. Editing photo galleries, alerts and other digital content"
National Correspondent,NONE SPECIFIED,79000,black,male,3,New York,writer and photographer covering breaking news and enterprise stories for the U.S. news team at the Journal
News Applications Developer,NONE SPECIFIED,70000,white,female,1,"Washington, DC","visualizations, interactives, data analysis, web development"
news assistant,Household Name Juice Company,50000,noanswer,male,1,New York,"staring at legal filings, occasionally ""pitching"" them as needed. writing about them on lucky days."
News Assistant,NewYorkTimes,60000,white,female,2,New York,
News Assistant,NewYorkTimes,56000,white,male,1,New York,"Answer phones, social media, scheduling, room booking, catering, training reporters/editors in new skills, helping editors/reporters with questions, some reporting/writing"
News Assistant,NYT,56000,poc,female,3,New York,"Manage social, writing and reporting, contributing to newsletters, managing phones and emails, occasional fact-check and research and admin work"
News Assistant,NYT,65000,poc,female,2,New York,"ranges from design assistance, social media, fact-checking, reporting, writing, etc."
News Curation Editor,NONE SPECIFIED,72000,white,male,6,New York,"Running social channels, working with desks to prep copy for stories, broader social strategy."
News Curation Editor,NONE SPECIFIED,70000,white,male,5,New York,"Running social channels, sending push alerts, curation mobile app, homepage editor, promoting BF shows and series"
News Editor,NONE SPECIFIED,70000,white,female,3,New York,
News Producer,NONE SPECIFIED,72410,mixed,female,10,Boston,"In charge of crafting a half hour or entire hour show (if a producer is missing that day), select the stories, write them all, edit all the videos, correct reporter's scripts, edit the PKGs, create the CGs, and booth the shows in the control room."
News Writer,Cosmopolitan,58500,poc,female,3,New York,print and digital news
Ops Manager,NONE SPECIFIED,75000,asian,female,3,New York,
Overnight Producer,Bloomberg,52000,noanswer,noanswer,1,New York,"Post content online overnight, produce iPad app"
Part-time Digital Content Producer,CondeNast,29744,white,female,9,Boston,"Write stories from scripts, police and fire releases, press releases, create push alerts, write Facebook, Twitter and Instagram posts, digitize video from broadcasts"
Photo Director,NONE SPECIFIED,147000,asian,female,22,New York,
Photo Editor,NewYorkTimes,48000,white,female,4,New York,"Curate travel, editorial and archival photos for projects for Google"
Photo Editor,NONE SPECIFIED,102000,white,female,6,New York,"Assigning photographers for daily coverage and enterprise stories, producing visually driven stories"
Photo Editor,WallStreetJournal,81000,noanswer,female,23,New York,Producing editing photo shoots for print and digital
Photo Editor,NONE SPECIFIED,127000,african,male,3,New York,"Assigning photographers, producing visuals for stories and working with photographers to create more visually driven stories. Also working with some video along the way."
Photo editor,Daily Racing Form,62000,white,male,18,New York,"Coordinate coverage with photographers; research and select photos for digital, social, print, and video; add images to online stories; produce slideshows; graphic design; print page design; manage Instagram; digital asset management"
Photo Editor,NONE SPECIFIED,70000,hispanic,female,5,San Francisco,"Managing Daily Photo Assignment Schedule, Booking Freelancers, Creating Shift Rotation during breaking news, Editing imagery for web and daily inside sections. 50-60 hrs a week."
Photo Editor,Wired,65000,asian,male,2,San Francisco,"photo editing, photo research, photo producing"
Photo Editor,NONE SPECIFIED,75000,white,female,7,"Washington, DC","Hire freelancers around the globe, produce and edit multiple shoots weekly, fulfill photo requests for multiple departments, manage handout  images, create visual briefs, handle copyright issues with the legal team."
Photo Editor,National Geographic,62000,white,female,4.5,"Washington, DC","Hiring photographers, ingesting, tagging, uploading photo assets, supporting magazine, books and channels"
Photographer,Boston Herald,58000,white,noanswer,23,Boston,"Photograph, pitch stories, assign, write"
Photographer,NONE SPECIFIED,89050,noanswer,male,39,Chicago,Everything
Photographer,NONE SPECIFIED,115000,white,male,21,Los Angeles,Staff photojournalist
photography director,NONE SPECIFIED,130000,noanswer,female,18,New York,"managing department of 3-4 associates; booking photo shoots, managing budgets."
Photojournalist,NONE SPECIFIED,68000,hispanic,na,41,New York,Editorial Stills and Video photography
Photojournalist,"Hearst, San Francisco Chronicle",65000,white,female,5,San Francisco,Photographing everything
Platform Editor,WallStreetJournal,63000,white,female,2,New York,
Podcast Producer,NONE SPECIFIED,82000,noanswer,na,7,New York,"editorial direction, script writing, studio producing, post-production and some marketing for 2x/weekly news commentary podcast"
PR Manager,NONE SPECIFIED,85000,noanswer,female,4,New York,Lead consumer & corporate PR in-house
President and CEO,G/O Media (The Onion),500000,white,male,14,Chicago,"Strategy and day-to-day operations of The Onion; its sister publication, The A.V. Club; and internet parody site, ClickHole."
President and CEO,G/O Media (The Onion),500000,white,male,14,Chicago,"Strategy and day-to-day operations of The Onion; its sister publication, The A.V. Club; and internet parody site, ClickHole."
Print Editor,mid-size niche lifestyle publication,55000,white,male,4,New York,"Writing and editing print and digital stories (at least nine in book at a time, mostly features)"
Producer,NBC_News,45000,white,female,1,New York,produce / shoot / edit
Producer,NONE SPECIFIED,85000,white,noanswer,4,New York,
Producer,NONE SPECIFIED,67000,white,female,3,"Washington, DC","pitching ideas, booking guests, writing scripts, interviewing, recording field audio, editing and mixing audio, managing audience engagement"
Producer,NONE SPECIFIED,66000,white,male,17,Los Angeles,"Produce weekly show. Generate segment ideas, book guests, write scripts, edit audio and mix segments. Report news spots and features. Oversee blog, social media and newsletter."
Producer,NONE SPECIFIED,70000,white,male,10,Los Angeles,
Producer,NONE SPECIFIED,72000,white,female,7,Los Angeles,"Produce and edit weekly interview style radio show and podcast. Book guests, run remote recordings, put together and edit show in ProTool, write web copy"
Producer,NONE SPECIFIED,72000,white,noanswer,5,New York,"Book, project manage, produce and panel interviews, edit, score, mix, online etc... basically most components of the project i'm working on."
PRODUCER,NONE SPECIFIED,70000,black,noanswer,6,New York,"CREATIVE EXECUTION, TALENT NEGOTIATIONS, EVENT COORDINATION, MANAGE BUDGETS ETC"
Producer,NONE SPECIFIED,76000,white,female,5,New York,Podcast production
Producer,NONE SPECIFIED,115000,white,male,10,New York,"Produce, Shoot, Edit Digital Video"
Producer,NONE SPECIFIED,75000,black,male,7,New York,"Write, pre-produce, direct, shoot, edit"
Producer,NONE SPECIFIED,68000,noanswer,male,7,New York,
Producer,NONE SPECIFIED,74000,white,male,8,New York,
Producer,NONE SPECIFIED,90000,black,female,10,New York,
Producer,NBC_News,94500,asian,female,4,New York,Oversee editorial calendar and all production/shooting/editing/graphics for a vertical
Producer,Cheddar,65000,white,female,3.5,New York,"Pitch, write, shoot, edit longform social video (YouTube and Facebook)"
Producer,NONE SPECIFIED,78000,asian,female,2.5,New York,Video Producer
Producer,NONE SPECIFIED,67300,latina,female,2,New York,Reporting/producing/shooting/script writing/editing original video content; hosting
Producer,NONE SPECIFIED,70000,white,na,6,New York,
Producer,NONE SPECIFIED,70000,white,female,3,New York,"Editing audio, researching, booking, writing"
Producer,Cheddar,60000,white,female,2,New York,"Pitch, write, edit longform social videos"
Producer,NONE SPECIFIED,90000,hispanic,female,5,New York,Produce digital video content
Producer,Slate,62000,white,male,2 years FT,New York,producing a daily podcast and a monthly podcast
Producer,NONE SPECIFIED,90000,noanswer,female,7,New York,"Producing and directing shoots, pitching creating concepts and ideas, writing and research, etx"
Producer,NONE SPECIFIED,72100,asian,male,4,New York,Video Editing
Producer,NONE SPECIFIED,75000,white,female,5,New York,"write and produce videos, manage editors, pitch and develop concepts"
Producer,NONE SPECIFIED,73000,white,female,3.5,New York,
Producer,NONE SPECIFIED,78000,white,male,6,San Francisco,"Stacking show rundown, communicating with staff, managing talent, boothing live shows"
Producer,NONE SPECIFIED,70000,poc,female,"7 years total experience, ~3 years related experience",San Francisco,
Producer,NONE SPECIFIED,80000,asian,female,7,"Washington, DC","Ideate, report, produce, and execute live journalism;  project management, cross-functional collaboration w/logistics+operations, audience development, design and marketing, PR and biz dev."
Producer,NONE SPECIFIED,75000,white,female,9,"Washington, DC","Producing videos, reporting, project management, scripting writing"
Producer,NONE SPECIFIED,75000,white,female,5,"Washington, DC",
Producer/Editor,NONE SPECIFIED,75000,white,female,10,Los Angeles,"Story production, interviewing, budgeting, identifying storylines, editing, etc"
product management fellow,New York Post - Page Six,35000,white,female,0,"Washington, DC","QA, project management, customer support, metrics reporting"
Production Assistant,ATN,62000,white,male,2,New York,"-Support head of news division by sporadically acting as a Human ottoman
-Procure exotic ‘packages’ for the co-COO
-Cleaned up pee in CEOs office"
Production Assistant,NewYorkTimes,50000,white,female,1,New York,"Editing, producing, filming"
Production Associate,NPR_Affiliate,36000,hispanic,female,5,New York,"Organize footage, book locations, pretty much help the producer with whatever they want"
Production Coordinator,Kaiser Permanente,42000,white,female,1,Boston,"Daily research for public radio news magazine, audio production, booking, digital writing, show direction."
Production Manager,NONE SPECIFIED,62000,african,noanswer,18,Los Angeles,"Produce all shows in development, digital and brand. Working over 40 hours a week"
Production Specialist,An international business magazine,64000,white,female,24,Boston,"Print production/InDesign, WordPress, HTML/XML, proofreading"
Production/Development Coordinator,Large Animation Studio,54600,white,female,2,New York,
Program Manager,NPR_Affiliate,65000,white,female,5,Boston,
Project Manager,NONE SPECIFIED,72000,white,female,1.5,New York,"Handle execution of projects between editorial and business team that fall within the scope of affiliate shopping content, branded content, and strategic partnerships"
"Project Manager, Art Department",The Onion,550008,white,female,4,Chicago,"managing workload of GFX team and distributing assignments, communicating between departments, general team admin, maintain props, facilitate work of our art director"
Publicist,NONE SPECIFIED,53000,white,female,5,New York,"Planning and executing full publicity campaigns for 15-20 books per year. Includes interfacing with media, lining up review and feature coverage, setting up events and multi-city author tours, and regularly being on-call nights and weekends."
Publicity Assistant,CondeNast,36000,asian,female,1,New York,
Publisher,Group Nine Media,62500,black,male,3,New York,"publishing, copy writing, scheduling, deadline setting, partnership management"
Publishing Assistant and Digital Content Coordinator,Trade_publication,40000,white,female,5,New York,
Rachel Justice,WashingtonPost,200000,noanswer,na,12,"Washington, DC",Burying stories
Radio Morning Personality,NONE SPECIFIED,82000,white,female,12,San Francisco,Gather interesting and local stories to package in an entertaining way to SF commuters
Reporter,BridgeTower Media,63000,white,male,22,Boston,"One 1,500-word cover story, one 800-word inside story, blogging, podcasting"
Reporter,NONE SPECIFIED,69000,white,female,11,Boston,Report and write stories
Reporter,NONE SPECIFIED,95000,white,male,16,Boston,Reporter covering a major news beat.
Reporter,NONE SPECIFIED,70000,asian,female,3,Boston,"Reporting and writing for online, newsletter, and print; some data & interactive work"
Reporter,NONE SPECIFIED,74000,poc,female,7,Boston,"Reporting, writing"
Reporter,NONE SPECIFIED,80000,white,female,6,Boston,Reporting and writing
Reporter,Time,50000,poc,female,4,New York,"Pitching, writing local news stories about the people and politics of Brooklyn"
Reporter,Brooklyn Eagle,57000,white,male,2,New York,writing multiple stories per day as well as long form pieces covering the borough of Brooklyn
Reporter,Freelance,54000,white,female,7,New York,
Reporter,NBC_Universal,48000,white,female,6,Chicago,"Cover a major beat; pitch, report and write breaking and enterprise stories"
Reporter,NONE SPECIFIED,70000,poc,female,12,Chicago,Investigative reporter
Reporter,Nonprofit news outlet,58000,white,female,5,Chicago,"Investigative reporting, plus daily and enterprise work when needed"
Reporter,WBEZ,63000,hispanic,female,8,Chicago,Reporter on beat
Reporter,NONE SPECIFIED,82000,white,female,25,Chicago,reporting on a beat
Reporter,NONE SPECIFIED,75000,white,female,10,Chicago,write daily and investigative stories about education; assist with weekly newsletter; take photos
Reporter,Politico,49108.8,asian,female,5,Chicago,"Beat Reporting, Video Editing, On-Air Anchoring/Voice-Overs."
Reporter,NONE SPECIFIED,135000,poc,female,10,"Washington, DC",Beat reporter covering stories for radio and digital
Reporter,NewYorkTimes,52000,white,female,3,"Washington, DC",Cover nontraditional students (3-5 stories per week)
reporter,NONE SPECIFIED,70000,poc,male,7,"Washington, DC",daily reporting
Reporter,NONE SPECIFIED,72000,white,female,5,"Washington, DC",Reporting
Reporter,NPR,54000,white,female,3,"Washington, DC",Reporting a mix of daily news and enterprise stories
Reporter,NONE SPECIFIED,72000,asian,female,7,"Washington, DC","Reporting, writing"
Reporter,NewYorkTimes,52000,white,female,3,"Washington, DC",Write 3-5 stories per week
Reporter,AmericanCityBusinessJournals,56000,poc,male,3,"Washington, DC",writer
Reporter,NONE SPECIFIED,71000,noanswer,noanswer,10 years full-time in journalism,Los Angeles,
Reporter,NONE SPECIFIED,89000,white,female,10,Los Angeles,beat/enterprise reporting
Reporter,NONE SPECIFIED,85000,white,female,8,Los Angeles,Daily beat reporting
Reporter,NONE SPECIFIED,89250,white,male,9,Los Angeles,Report breaking news+enterprise (mostly enterprise)
Reporter,NONE SPECIFIED,85000,black,na,5.5,New York,"daily reporting, enterprise"
Reporter,NONE SPECIFIED,120000,white,male,8,New York,"enterprise, investigative reporting, some breaking news/daily news"
Reporter,NONE SPECIFIED,87500,white,female,6,New York,"Investigative reporting, light data reporting"
Reporter,NONE SPECIFIED,85000,white,female,5,New York,"mostly writing, long features and quick hits"
Reporter,The New Food Economy,65000,white,female,3.5,New York,News and feature reporting
Reporter,NONE SPECIFIED,95000,white,female,4,New York,"Report + write news, features and profiles"
Reporter,NONE SPECIFIED,128000,white,female,10,New York,Reporting and writing for Bloomberg News and BW
Reporter,NONE SPECIFIED,100000,white,female,8,New York,Reporting and writing stories
Reporter,Quartz,62000,white,male,5,New York,"Reporting, writing"
Reporter,NONE SPECIFIED,73000,white,female,3,New York,Writing daily stories and working on a daily newsletter
Reporter,NONE SPECIFIED,67000,white,female,6,New York,
Reporter,NONE SPECIFIED,85000,white,female,10,New York,
Reporter,WallStreetJournal,80000,white,female,9,New York,beat reporting
Reporter,NONE SPECIFIED,80000,white,male,4,New York,Daily reporting for print and web
Reporter,WallStreetJournal,75000,white,female,3,New York,Reporting breaking news and writing features
Reporter,Skift,60000,white,female,5,New York,"Reporting breaking news, features, sector trend analyses, etc."
Reporter,NONE SPECIFIED,87500,noanswer,male,10,New York,"Reporting deep enterprise stories, including some breaking news"
Reporter,WebMD,45500,white,female,1.5,New York,"Reporting for Newsfeed vertical on entertainment, viral news, culture, etc. -- Still assisting News team with previous responsibilities as producer"
Reporter,NONE SPECIFIED,100000,black,male,12,New York,reporting and writing stories for CBSNews.com
Reporter,The American Lawyer/ALM,58000,white,female,2,New York,
Reporter,NONE SPECIFIED,72500,noanswer,female,8,New York,"Report, interview, write, research corporate governance full-length features weekly"
Reporter,NONE SPECIFIED,133000,white,male,13,New York,Reporter
Reporter,Fast Company,65000,white,male,8,New York,Writing and editing content
Reporter,DailyMail.com and DailyMailTV,65000,white,female,25,New York,"Rewriting and formatting five stories a shift for the aggregate site, while also fronting a series of TV and web hits. Shifts are swing shifts staring at 8am until 5:30pm and, on rotating weeks, starting at 5pm and leaving past 2am."
Reporter,NONE SPECIFIED,86000,white,female,8,New York,reporting
Reporter,WallStreetJournal,103000,poc,female,10,New York,"Reporting, Writing"
Reporter,NONE SPECIFIED,84800,white,female,4,New York,beat reporter
Reporter,NONE SPECIFIED,78000,noanswer,female,4,New York,Beat reporting
Reporter,NONE SPECIFIED,80000,white,female,19,New York,"beat reporting, enterprise, spot news, fixtures"
Reporter,NBC_News,65000,white,male,5,New York,"Breaking news coverage/newsgathering, social forensics/verification/osint, write stories for NBCNews.com, contribute editorial/production to Today Show/Nightly News/MSNBC etc."
Reporter,NONE SPECIFIED,74200,white,female,4.5 years at BF,New York,"breaking news, several news features, internet culture reporting"
reporter,Personal finance website (too small to name),32000,white,male,1,New York,Cover several neighborhoods in Brooklyn - come up with stories and work on assignment.
Reporter,NONE SPECIFIED,78000,white,male,3,New York,daily reporting/blogging
Reporter,NONE SPECIFIED,109000,white,female,8,New York,political/national reporting
Reporter,Inc. Magazine,60000,white,male,4,New York,"reporting, op-ed writing, podcasting, newsletter writing/editing"
Reporter,NPR,49000,noanswer,noanswer,10+ years,New York,"reporting, researching, and writing"
Reporter,WallStreetJournal,68000,white,female,2,New York,"Reporting, writing"
Reporter,The Information,60000,white,male,7,New York,"Reporting, writing"
Reporter,NONE SPECIFIED,123000,white,female,20,New York,"Reporting, writing, some video work, plus the unacknowledged stuff like mentoring younger reporters"
Reporter,Quartz,64250,white,female,~4 years,New York,writing short hits and longer features
Reporter,NONE SPECIFIED,73000,white,male,6,New York,
Reporter,NONE SPECIFIED,100000,white,female,6,New York,
Reporter,NONE SPECIFIED,77000,white,female,8,New York,
reporter,NONE SPECIFIED,84600,white,female,15,San Francisco,"daily & enterprise beat reporting, fixtures"
reporter,WallStreetJournal,130000,white,female,8,San Francisco,
Reporter,NONE SPECIFIED,90000,poc,female,10,San Francisco,"writing, reporting"
Reporter,NONE SPECIFIED,66000,white,female,3,"Washington, DC",Reporting beat and longform stories
Reporter,University Licensed NPR Radio Station,46000,white,female,5,"Washington, DC",
Reporter,NONE SPECIFIED,89000,white,female,5,"Washington, DC","Reporter, writes features, covers national breaking news"
Reporter,Industry Dive,60000,poc,male,4,"Washington, DC","Reporting, editing, assignments"
Reporter,Industry Dive,60000,noanswer,noanswer,4,"Washington, DC","Reporting, editing, assignments"
Reporter,The Hill,57000,noanswer,noanswer,5,"Washington, DC",
Reporter,NONE SPECIFIED,86000,asian,male,7,"Washington, DC",Beat reporter
Reporter,NONE SPECIFIED,85000,poc,male,17,"Washington, DC",beat reporter
Reporter,HuffPost,58000,noanswer,female,4,"Washington, DC",Pitch and report on daily stories about national breaking news and politics
Reporter,NONE SPECIFIED,67500,white,female,8,"Washington, DC","Reporter covering Congress, turning at least 2 daily stories, plus enterprise work, photo, video and audio. Regular on podcasts and national radio shows. Edit content for other reporters. Help manage social media for the brand. Advise on SEO, social best practices."
Reporter,NONE SPECIFIED,70000,white,na,7,"Washington, DC","Reporting, editing"
Reporter,NONE SPECIFIED,67000,white,male,12,"Washington, DC","Reporting, writing"
Reporter,The Hill,55000,white,male,4.5,"Washington, DC",Spot/general assignment reporting
Reporter,Washington Business Journal,64000,white,male,5,"Washington, DC",Writing daily stories alongside long-form pieces and investigative work
Reporter,Bloomberg Law,58000,white,female,2,"Washington, DC","Cover daily news, write enterprise stories, appear on radio and TV periodically"
Reporter,NONE SPECIFIED,69950,white,female,2,"Washington, DC","report on legal filings, interviewing parties, attending live events and reporting from the field."
Reporter,NONE SPECIFIED,80000,white,female,5,"Washington, DC","Reporting, writing"
Reporter,Regional Newspaper,48000,white,male,2,"Washington, DC",
Reporter,NONE SPECIFIED,115000,noanswer,female,9,"Washington, DC",
Reporter (politics),NONE SPECIFIED,75000,white,female,10,"Washington, DC",Reporting daily and enterprise stories
Reporter & editor,NONE SPECIFIED,75000,white,male,5,New York,"Reporting, assigning, editing breaking news"
Reporter-Producer,G_O_Media,47500,white,female,3,"Washington, DC","Outline, script, produce day-of news segments on tight deadlines. Edit and cut news summary VO/SOTs, script shorter news summary scripts. Create infographics."
Reporter/Editor,nebraska daily,54000,poc,female,2.5,New York,"write, report, edit, research, take photos, post on social media, manage and moderate comments and user-generated posts, curate newsletters, manage homepages, other editorial duties as needed"
Reporter/newsletter writer,Politico,57000,white,noanswer,3,"Washington, DC","reporting, producing daily newsletter"
Reporting Fellow,Reed Business Information (B2B publication),39000,poc,female,4.5,Chicago,"Reporting, including data (Fellowships typically last 1 year)"
Research Editor,NONE SPECIFIED,70000,white,female,"1.5 years at Wirecutter, 6 years research / writing / fact-checking",New York,"Aid in research projects, assist writers and editors, give workshops, report, edit, manage fact checker, fact check"
Researcher,NONE SPECIFIED,65000,white,female,5,Los Angeles,"Researching stories, copy editing, posting"
Researcher / Editor,NONE SPECIFIED,86500,latina,female,5,New York,"Two primary clients with stable contracts as full time freelancer. For one research and writing. For the other, editing, social media, writing."
Revenue Operations,NONE SPECIFIED,100000,white,female,5,New York,Building revenue systems / managing a team
Reviews Editor,Vox.com,43000,white,male,7,New York,Ran three different subject categories; Managed ~50 freelance writers; Wrote special features and produced interviews
Sales Assistant,CBC,38800,white,noanswer,1,New York,"Supporting sales reps through data entry/analysis, submitting orders, booking digital ads, etc"
Section editor,CondeNast,63000,white,female,4.5,New York,"Daily news, editing and writing, managing freelancers"
Section Editor,NONE SPECIFIED,110000,white,female,7,New York,"manage 7-person digital team; edit, write, report"
Section Editor,NONE SPECIFIED,90000,hispanic,female,18,New York,"Managing a whole vertical, plus social media/engagement. Also took care of editorial budget"
Section Editor,Jewish Media Company,56000,noanswer,female,4,New York,Section Editor
Section editor,NONE SPECIFIED,100000,white,female,,New York,
Section/Department Editor (ret),WallStreetJournal,236000,white,male,40,New York,"Oversee all section news and staff, liason with other departments"
Senior Associate News Editor,NONE SPECIFIED,66000,white,male,5,New York,"Write daily news, celebrity interviews and profiles"
Senior audience engagement manager,NONE SPECIFIED,90000,hispanic,female,6,San Francisco,Mobile audience engagement and development
Senior Beauty Editor,NONE SPECIFIED,75000,white,female,5,New York,
Senior Correspondent,NONE SPECIFIED,113300,white,male,7 yrs,"Washington, DC","just writing, mostly politics; longform and shorter week-to-week posts"
Senior Correspondent,NONE SPECIFIED,101000,hispanic,male,7,"Washington, DC",A lot of writing.
Senior Culture Writer,Non-profit national radio show/podcast,50000,white,female,2,New York,"Writing reported features for the magazine as a senior writer, writing 4 news posts a day as a staff writer"
Senior Digital Designer,NONE SPECIFIED,85000,hispanic,male,6,Los Angeles,"Designer for digital shows verticals, social and editorial"
"Senior director, content",NONE SPECIFIED,165000,noanswer,male,30,New York,run branded content studio
Senior editor,(Broadcast media),52000,white,female,6,Boston,
Senior Editor,NONE SPECIFIED,92000,white,male,9,Los Angeles,writing and editing stories from blogs to features
Senior Editor,NONE SPECIFIED,92000,white,female,8,Los Angeles,
Senior Editor,NONE SPECIFIED,85000,white,female,10,Los Angeles,"brainstorm, write, and edit nationally distributed B2B and B2C content across print/digital, including emails, website copy, mailers, billboards, etc."
Senior editor,NONE SPECIFIED,82500,white,male,4,New York,"Assign/edit special projects, write/edit/post articles, lead ideation for special projects and sales initiatives; managed 2 f/t staff"
Senior Editor,NONE SPECIFIED,93000,white,female,12,New York,"assigning and editing the work of freelancers and staff writers, occasional reporting"
Senior Editor,NONE SPECIFIED,70000,white,female,4,New York,"Editing news and features, managing a small team, some writing"
Senior Editor,NONE SPECIFIED,130000,white,female,25,New York,"Editorial calendar, research, editing, writing, social media, public engagements"
Senior Editor,NONE SPECIFIED,85000,hispanic,female,7.5,New York,"Manage team, edit all stories, coordinate with sales"
Senior editor,NONE SPECIFIED,70000,white,female,9,New York,Print and digital
Senior Editor,NONE SPECIFIED,82500,white,female,6,New York,
Senior Editor,NONE SPECIFIED,105000,white,female,10,New York,
Senior Editor,BloombergNews,210000,white,male,25,New York,
Senior Editor,NONE SPECIFIED,90000,white,female,5,New York,"Editing, assigning, managing full-time and freelance writers"
Senior Editor,NONE SPECIFIED,75000,asian,female,3,New York,pitching and editing design and architecture stories from staff and freelancers for a monthly print magazine; reporting and writing for the print magazine and website; attending industry events; representing the magazine at its event series (panels etc.)
Senior Editor,NONE SPECIFIED,75712,white,female,6,New York,Data & Analytics for Audience Development
Senior Editor,Refinery29,61000,poc,female,6,New York,
Senior editor,NONE SPECIFIED,95000,noanswer,noanswer,2,New York,Managing all online content. content strategy
Senior Editor,NONE SPECIFIED,86000,hispanic,na,15,New York,"Writing features, news, reviews
Assembling buying guides
Scripting and appearing in videos"
Senior Editor,NONE SPECIFIED,65000,mixed,female,10,New York,
Senior Editor,Penske Media (HollywoodLife),65000,white,female,5,New York,"- Writing 8-10 stories/day, pitching, assigning, reporting, every holiday, awards show, tv event, including recaps/reactions. 
- Being on call 24/7/365 for news coverage despite PM/LA and weekend teams.
- Working a 6-8 hour awards show was rewarded with approximately 2.5 hours towards a “comp day”"
Senior Editor,NONE SPECIFIED,125000,white,female,10,New York,Assign and edit articles
Senior Editor,NONE SPECIFIED,77000,white,female,8,New York,"assign and edit news and features (4-8 stories per day), write 2-4 features per month, run editorial packages, manage staff writers, attend relevant industry events, and much, much more"
Senior Editor,NONE SPECIFIED,82000,poc,female,10+,New York,"assigning, editing, writing, management"
Senior editor,NONE SPECIFIED,73000,white,female,7,New York,"Assigning/editing features, reported pieces, and essays"
Senior editor,NONE SPECIFIED,75000,white,female,10,New York,"Assigning/editing news, features, and some managing roles."
Senior Editor,NONE SPECIFIED,125000,poc,female,8,New York,"commission, assign and edit pieces, pitch stories"
Senior Editor,NONE SPECIFIED,106000,white,male,8,New York,edit breaking news and features across coverage areas
senior editor,NONE SPECIFIED,75000,white,female,4,New York,Editing features and FOB section
Senior editor,NONE SPECIFIED,90000,white,female,5,New York,Editing features and FOB section
senior editor,NONE SPECIFIED,73000,noanswer,male,6,New York,features and FOB
Senior Editor,NONE SPECIFIED,77000,noanswer,female,15,New York,"manages editorial assigning, editing, and production of 80+ special issues inclusive of third party and internal brands"
Senior Editor,NONE SPECIFIED,92500,poc,male,9,New York,"Reviews, event coverage, analysis"
Senior Editor,NONE SPECIFIED,85000,poc,female,8,New York,Tentpole planning / Features (editing/writing) / Building out and maintaining freelance roster
Senior Editor,NONE SPECIFIED,80000,white,female,4.5,New York,"Write, edit, manage interns, brainstorm & execute video series, branded content"
Senior Editor,NONE SPECIFIED,88000,asian,female,5,New York,
Senior Editor,NONE SPECIFIED,80000,white,female,7,New York,
Senior Editor,NONE SPECIFIED,68000,white,female,9.5,New York,
Senior Editor,NONE SPECIFIED,70000,poc,female,10,New York,
Senior Editor,CondeNast,60000,noanswer,male,15,"Washington, DC",
Senior editor,NONE SPECIFIED,135000,asian,female,10,"Washington, DC",Ran a digital team
Senior Editor and Writer,NONE SPECIFIED,140000,noanswer,male,15,New York,Writing and producing a conference
"Senior Editor, Design and Delivery",NONE SPECIFIED,110000,white,male,15,Chicago,"Digital strategy; software architecture; data analysis, reporting + visualization"
Senior Editor/Reporter,NONE SPECIFIED,70000,white,female,6,"Washington, DC","writing at least two stories a day across multiple beats, writing monthly magazine story, editing daily and monthly content, some web publishing"
Senior Fashion Editor,Hearst,61000,white,female,5,New York,Everything
Senior Food Editor,NONE SPECIFIED,78600,asian,female,8,New York,"assign and edit features including covers, work with multiple teams to conceptualize and execute packages"
Senior Managing Editor,NONE SPECIFIED,130000,white,male,20,New York,"Manage ~5 direct reports, editorial planning, feature writing and editing, media appearances,  traffic analysis."
Senior News Writer,Amazon (Subsidiary),50000,white,male,3,Los Angeles,"Write long-format, digital entertainment news stories primarily for Youtube. (I also run their social media accounts but that is not part of my job title, compensation)"
senior online producer,NONE SPECIFIED,80000,white,female,15,Los Angeles,"reporting and writing stories, overseeing a vertical on the radio station's site, assigning stories, editing stories, managing editorial calendar and budget, helping turn online stories to broadcast ones and broadcast stories into online stores, occasionally appearing on air, occasionally covering broadcast news."
Senior Photo Editor,NONE SPECIFIED,77475,white,female,7 not counting freelance work in college,New York,"-Scheduling, producing, and photographing near-daily shoots. Retouching all my photos as well as any from freelancers or writers.
-Assigning shoots upcoming guides and blogs for the photo team and handling any last minute photo needs to meet deadline and insure quality.
-Collaborating with the Photo Director on defining our ongoing approach to creating a distinctly ""Wirecutter"" visual identity, as well as maintaining an ongoing relationship with the social team to have that reach across platforms.
-Working closely with ops to insure products and props get where they need to be for shoots as well occasional location scouting and negotiating."
Senior Photo Editor,NONE SPECIFIED,100000,hispanic,male,10,New York,
Senior Political Editor,NONE SPECIFIED,75000,black,female,6,Los Angeles,I do EVERYTHING
Senior Producer,NONE SPECIFIED,113000,white,female,10,"Washington, DC",
Senior Producer,NONE SPECIFIED,80000,noanswer,male,8,Los Angeles,"Produce television segments for live, daily TV show"
Senior Producer,NONE SPECIFIED,83000,white,male,8,New York,
Senior Producer,NONE SPECIFIED,123000,white,female,12,New York,"lead teams, produce stories, develop projects, interact with clients"
Senior Producer,NONE SPECIFIED,115000,noanswer,male,11,New York,"Pitch, research, interview, write, shoot, edit medium-length documentary pieces"
Senior Producer,NONE SPECIFIED,100000,white,noanswer,7,New York,Produce/script/research/book/direct
Senior Producer,NONE SPECIFIED,100000,white,male,5,"Washington, DC",daily operations for a news show
Senior Producer,NONE SPECIFIED,71000,white,female,10,"Washington, DC","Social media management/strategy, audience development, writing stories"
Senior Publicist,PenguinRandomHouse,61000,white,female,5,New York,
Senior Publicist,NONE SPECIFIED,66000,noanswer,noanswer,8,New York,
senior reporter,NONE SPECIFIED,95000,white,male,9,"Washington, DC",Beat reporting / writing stories and features.
Senior Reporter,NONE SPECIFIED,80620,white,female,10,Los Angeles,Reporter in a public radio newsroom
Senior Reporter,NONE SPECIFIED,90000,white,male,20,New York,Feature story writer
senior reporter,NONE SPECIFIED,82000,white,female,5,New York,write 5 articles a week/bimonthly reported features
Senior Reporter,NONE SPECIFIED,72000,white,male,6,New York,
Senior Reporter,Consumer Reports,47500,poc,male,8,New York,"reporting, writing, some editing"
Senior Reporter,NONE SPECIFIED,73000,white,female,7,New York,"Writing 4 daily news posts for the site, editing stories, managing junior reporters, occasionally writing for print"
Senior Reporter,NONE SPECIFIED,75000,poc,male,5,New York,"Investigative reporting, breaking news"
Senior Reporter,NONE SPECIFIED,80000,white,male,7,New York,"Write daily reported beat stories, and longer features."
Senior Reporter,NONE SPECIFIED,105000,white,female,10,New York,"write news, reported features."
Senior Reporter,Informa Business Intelligence,58000,white,female,18,"Washington, DC",
Senior Reporter and Editor,NONE SPECIFIED,115000,black,male,7,New York,MANY
Senior reporter/Editor,Chicago Tribune,62000,black,female,9,Chicago,I split my time between editing on the Metro desk and education reporting
Senior Social Manager,NONE SPECIFIED,75000,white,male,,New York,
Senior Social Media Manager,NONE SPECIFIED,77000,white,female,12,New York,"Social media/audience strategy, analytics, reporting, partnerships, events. Produce all social media content for advertisers. 1 direct report."
Senior Social Producer,NONE SPECIFIED,85000,white,female,8,New York,"Global Social Strategy, Managing Social Accounts, Writing, Producing Content."
Senior Social Strategist,NONE SPECIFIED,85000,white,male,4,Los Angeles,new business development and media strategy
Senior Staff Writer,Vox,45450,poc,male,7+ years,Boston,Product reviews and photography
Senior Staff Writer,Medium,49000,noanswer,noanswer,5+ years,Boston,"testing, writing, editing"
Senior Staff Writer,NONE SPECIFIED,80000,white,female,8,New York,"daily blogging, features reporting"
Senior Staff Writer,NONE SPECIFIED,70000,black,noanswer,4,New York,Writing a few blog posts a day and a desire to do bigger features but that never quite materialized.
Senior Staff Writer,NONE SPECIFIED,80500,mixed,female,14,New York,"writing, editing, on camera talent, photo styling, script writing, video producing, interior design, product testing, mentoring"
Senior Staff Writer,NONE SPECIFIED,79000,white,male,"5+ years at WC, 3+ years in related work",New York,
Senior Video Producer,Viacom,50000,white,male,10+ years,Boston,"Shooting, editing, posting and managing video library and equipment"
Senior Video Producer,NONE SPECIFIED,93000,white,male,9,New York,"Oversee digital video department. Ideate strategy, produce in the field and oversee post production. Pitch and execute videos. Act as camera operator, producer, writer and direct in the field. Edit videos and create graphics packages. Lead campaigns for editorial sponsorship opportunities and respond to RFPs from advertising agencies."
Senior Video Producer,NONE SPECIFIED,65000,noanswer,noanswer,8+ years experience,New York,
Senior Visuals Editor,NONE SPECIFIED,80000,white,male,14,New York,Researching and licensing images for multiple titles and projects. Liaising with photographers agents and studios.  Understanding and making decisions regarding copyright. Managing monthly/project budgets. Misc. data admin and file management. Training and leading new members of the team.
Senior Writer,NBC_News,180000,white,female,40,New York,Doing it all - solo specialist writer also editing and reporting for a digital news vertical and for TV
Senior Writer,NONE SPECIFIED,110000,white,male,7,New York,"Reporting, writing. Mix of quick turnaround stories and features."
Senior writer,NONE SPECIFIED,75000,white,female,5,New York,"Daily blogs, pitch 3+ longer lead/reported pieces per week, produce 1-3 longer lead pieces per week, occasionally work on feature stories"
Senior Writer,NONE SPECIFIED,100000,white,male,5,New York,"Features and investigative work, some shorter turnaround reporting"
senior writer,NONE SPECIFIED,100000,white,female,9,New York,report news and features
senior writer,NONE SPECIFIED,95000,asian,female,10,New York,"reporting, video"
Senior writer,Nonprofit science news,57000,white,male,5,"Washington, DC",Monthly features
Senior Writer,NONE SPECIFIED,89000,white,female,12,"Washington, DC",Print reporting
Senior Writer,NONE SPECIFIED,80000,noanswer,male,11,"Washington, DC","Print reporting, some broadcast, a little editing"
Sex & Relationships Editor,Cosmopolitan,60000,asian,female,5,New York,"Write digital posts daily, write and edit in two sections of in-book magazine"
Show Producer,NONE SPECIFIED,78000,white,male,6,San Francisco,"Create ideas for pre/postgame shows, stack rundown, manage production/technical crew/talent, booth shows, produce feature stories, produce/edit news updates and local sports segments"
Site director,NONE SPECIFIED,130000,white,female,12,New York,Oversee digital editorial for two HDM brands
Social Manager,,76000,white,female,4,New York,"Planning/executing/reporting on paid social media campaigns
Managing social media marketing budget
Some social analytics
Some copywriting"
Social media,,75000,poc,male,4,"Washington, DC",Social and breaking news
Social Media Director,NewYorkTimes,50000,white,male,3,Boston,Manage social publications and some digital story assigning
Social Media Editor,Cosmopolitan,58500,white,female,3,New York,"I manage facebook, twitter, flipboard, and apple news platforms, assist with YouTube strategy, Instagram (but I build all of the Instagram Stories), I'm responsible for bringing in social traffic, making reports, working cross-functionally with design, video, edit, branded content, and a centralized analytics / strategy team."
Social Media Editor,,75000,black,male,12,New York,"Advise the editorial teams of 4 online publications/brands on social media best practices, strategies; Track/report growth on platforms for each brand; Attend events with edit teams to help build out coverage on platforms; Cover events on Twitter during live presentations; Advise video team on projects for YouTube and Instagram"
social media editor,G_O_Media,64000,white,female,3,New York,manages all social for a large site multiple distinct verticals
Social Media Editor,Meredith,62500,white,female,3,New York,"-Run social channels (FB/TW/IG/Pinterest)
-Pitch emerging platforms (Smartnews, Flipboard, Apple News)
-Run social video strategy
-Work award shows and off hours events
-Manage weekend/morning editors on social platforms
-Be online during off hours for breaking news
-Break features and print magazine content on social channels"
Social Media Editor,WallStreetJournal,65000,asian,female,6,New York,"Maintain off-platform channels, graphic design, conduct studies on performance"
Social Media Editor,Meredith,60000,white,female,5,New York,Manage daily programming of brand's social channels.
Social Media Editor,G_O_Media,64000,white,male,4,New York,"Manage posting across multiple social channels, newsletter organization"
social media editor,Verizon Media Group,44000,white,na,2,New York,"posting to accounts, producing instagram stories, live coverage, working with reporters, etc."
Social Media Manager,NewYorkTimes,51000,white,female,13,Chicago,"Community management, content management, budgeting and management of paid content, editorial calendars, day-to-day posting, blogging, video script composition, graphic design, news judgement, copy editing, social media strategy, light video editing, analytics reporting, video production..."
Social Media Manager,,74000,white,female,4,New York,
Social Media Manager,WallStreetJournal,53000,black,female,2,"Washington, DC","Manages content and strategy for three social media accounts, works with writers on social copy and visual elements to accompany stories, tracks website and analytics, leads special projects and creates all video content. Edits daily articles and writes 1-4 stories a week."
Social Media Producer,,65300,poc,male,8,"Washington, DC","Writing/scheduling social media posts, creating social media plans for projects"
Social Media Producer,WashingtonPost,60000,black,female,1.5,"Washington, DC","scheduling and managing accounts, news-gathering and breaking news"
Social media producer,Higher ed alumni magazine,6700,white,female,8,"Washington, DC",Managing social accounts
Social Media Producer,,68500,poc,male,4,"Washington, DC","Writing/scheduling social media posts, creating social media plans for projects"
Social Media Specialist,Think Tank,58800,african,female,10,"Washington, DC","Everything media management - social media, digital toolkits, shareholder and corporate communications, strategic planning and marketing - all the goods."
Social Media Strategist,NPR,60000,white,female,2,"Washington, DC","Manage social media channels on several platforms, including writing copy, community management, visual asset curation, and inbox response. Work with interns. Assist with art direction. Attend live events - capture content, engage community IRL, live post."
Social News Producer,CNBC,63000,white,female,3,New York,
Sports editor,WashingtonPost,58000,white,female,8,"Washington, DC",Put out a sports section; not a people manager
Sr. Digital Editor,Hearst,65000,white,female,8,New York,"Brainstorming, assigning, and editing content for the website. Managing website's social media pages. Developing content and social media strategies. Optimizing content for search."
Sr. Graphic Designer,,113000,black,female,8,New York,"Art director and designer for on-air animation, off-air promotional ads, concept pitches, & production shoots for varying network tv shows."
Sr. Video Producer,,110000,noanswer,female,10,New York,"Shoot, Edit, Produce"
Sr. Visual Editor,,150000,white,male,13,New York,Driving visual coverage and storytelling for a section of the newsroom
Staff Editor,Future plc company,57500,white,female,8,Los Angeles,"Copyediting all articles and making sure they adhere to style and formatting guidelines, running the small team of editors we have, working to fix our editing process structurally, helping with coverage, writing where needed"
Staff Editor,WallStreetJournal,116000,white,female,13,New York,Assign and edit all articles in a section.
Staff Editor,,103000,black,female,3,New York,"assign, edit and (sometimes) write articles"
Staff editor,,125000,white,male,20,New York,Assigning and editing opinion articles
Staff editor,,77000,white,female,4,New York,deputy editor of a section
Staff photographer,,105000,white,male,20,New York,Create visuals
Staff Report,,120000,white,male,3,New York,Reporting on my beat
Staff Reporter,LAW.com,56000,white,male,4,New York,reporting on news (quick turn) and enterprise stories (lightly sourced 400 word posts up to in depth data and HUMINT reporting) in the legal industry
Staff reporter,,103000,white,female,3,New York,Reporting breaking news and enterprise
Staff Reporter,VICEMedia,35000,poc,female,2,New York,"Write, research, report; take photos for print quality; attend meetings, protests, hearings; manage social media; other editorial duties as needed"
Staff reporter,WallStreetJournal,50500,white,female,4,San Francisco,"Reporting features, writing online stories, research for net worth lists"
Staff Writer,,45000,white,female,3,Boston,Report and write articles and daily newsletter. Edit articles. Write and edit social media copy. Manage interns. Field internship candidates. Speak at events and moderate panels.
Staff Writer,,66000,asian,female,2,New York,"Write 3-6 articles/wk on my beat, including blogs, longer investigations, scoops, podcasts"
Staff Writer,Genius,60000,asian,male,4.5,New York,
Staff Writer,Industry Dive,43000,white,female,5,Chicago,"long-form investigations and features, weekly shorter news stories"
staff writer,,77000,white,female,6,"Washington, DC","reporting, writing, aggregation"
staff writer,,93000,poc,female,14,"Washington, DC",writing
Staff writer,,150000,poc,male,13,"Washington, DC",
Staff Writer,,85000,poc,female,7 years experience,Los Angeles,"writing, editing"
Staff writer,,68000,latina,female,5,New York,"1-2 daily blogs, with weekly reported pieces and a couple proper features a month"
staff writer,,95000,white,female,8,New York,reporting and writing
Staff writer,Refinery29,63000,white,noanswer,5,New York,Write and pitch mostly search-driven stories
Staff Writer,Refinery29,58500,white,female,6,New York,Write both shortform & longform pieces
Staff Writer,Group Nine Media / Thrillist,58000,white,female,1,New York,Writing / pitching
Staff Writer,Gear Patrol,65000,white,male,3,New York,"Ideate, pitch, write 5-8 stories per week for online; ideate, pitch, write for quarterly print magazine; manage and edit small stable of freelancers; act as on-camera personality;"
Staff writer,G_O_Media,65000,black,female,6,New York,"Reporting, writing, researching, blogging"
Staff Writer,,70000,white,female,3.5,New York,"Research, testing, writing"
Staff Writer,Refinery29,60000,hispanic,na,4,New York,"writing a mix of short news hits, features, service pieces, around 2 stories a day."
Staff writer,Refinery29,60000,white,female,1.5,New York,"writing news stories & features, researching"
staff writer,new york media,56000,black,female,5,New York,"news posts, longer stories, weekly listicles"
Staff writer,,66000,white,noanswer,9,New York,"Writing, editing, product testing, video producing, set decorating, script writing and producing, on camera work, interior design"
Staff Writer,,87000,white,female,5,New York,Blogging + reported features for web and print
Staff writer,G_O_Media,65000,white,female,10,New York,"reporting, researching, writing"
Staff Writer,G_O_Media,58000,black,female,3,New York,"2-3 daily blogs/news post, plus longer reported features"
staff writer,NBC_News,50000,white,female,3,New York,3-6 posts per day plus enterprise features
Staff Writer,NewYorkTimes,52000,white,male,2+ years at VICE,New York,"Daily blogging, feature writing, short-to-midlength takes"
Staff Writer,,68000,white,male,4,New York,Daily blogs plus reported features
Staff Writer,The New Food Economy,65000,white,male,4,New York,News and feature writing
staff writer,Hearst (Lifestyle Group),62000,white,female,10,New York,"pitch, report, and write stories for both print and digital."
Staff Writer,,75000,asian,female,4,New York,"pitching, researching, reporting, writing, pulling art, building stories (news stories, reported essays, longer features, cover stories, etc.)"
Staff Writer,,75000,white,female,3,New York,reporting
Staff Writer,Culture Trip,58000,noanswer,female,3,New York,"reporting, editing, copyediting, picture research, lead editorial franchises & travel for on-site reporting"
Staff Writer,,85000,white,male,13,New York,"Reporting, writing, video and podcast appearances, some video writing"
Staff Writer,CondeNast,35000,white,male,1,New York,"Write up breaking news/SEO-generated stories, report on gaming and esports. Occasionally edit stories, research Google trends, organize dept. charity work. brainstorm for RFPs."
Staff writer,Wirecutter,60000,white,female,3 years,New York,"write, test, research"
Staff Writer,,70000,hispanic,male,5+ years FT,New York,
Staff Writer,VoxMedia,60000,poc,female,3,New York,
Staff Writer,Slate,57600,white,female,5,New York,
Staff Writer,,71000,white,female,6,New York,
Staff Writer,,80000,white,male,6,New York,
Staff writer,,95000,poc,na,5,San Francisco,Weekly features
Staff writer,,103000,white,female,40,"Washington, DC","Report, write stories"
Staff Writer,Wirecutter,36000,poc,female,3,"Washington, DC","Writing, research, editing stories"
Staff Writer,AdvanceLocal,41000,white,male,6,"Washington, DC","writing, researching, editing, some aggregation"
Staff Writer,,95000,white,female,8,"Washington, DC",Report and write stories
Staff writer,The Hill newspaper,58000,white,female,,"Washington, DC",
Staff Writer,,90000,poc,male,7,"Washington, DC",Beat reporting and writing for news and features.
Staff Writer,,116000,white,male,11,"Washington, DC",covering the news
Staff Writer 2,,67000,black,female,8,New York,"For starters, writing daily posts for BuzzFeed.com (not News), tracking post traffic and iterating on ""successes,"" developing new methods of creating ""viral"" content, producing and starring in videos, producing and publishing art projects, creating branded and sponsored content, brainstorming editorial, branded, and sponsored strategy for vertical, participating in and/or leading tent pole projects and sprints across different teams..."
Staff Writer/Associate Editor,NBC_Universal,48000,white,na,1,"Washington, DC",Writing/Reporting/Editing
Story Editor,,87980,poc,female,2.5,"Washington, DC","Assigning and editing stories (including developmental and line edits), primarily responsible for two reporters on my team"
Superivisng Producer,,95000,white,female,5,New York,"overseeing a team of associate producers and producers to ensure videos are up to ethical standards, being delivered on time, and shoots are happening on schedule"
Supervising Producer,,143000,noanswer,female,10,Los Angeles,
Supervising Producer,,77000,black,female,8,New York,"Editorial lead of a social platform 
Manage 6 accounts
Used to manage multiple platforms when I first started (FB + TW + IG and multiple accounts at its height)
Wrote + delivered insight reports 
Schedule, publish, copyedit, assign edits for videos + stills
Covered protests + live events + breaking news
Wrote op-eds + produced pieces
Edited scripts once a week
Produce shoots in studio + field
Interviews + research
Showrunner of a social show with editorial sponsor"
Supervising Producer,,75000,noanswer,female,6,New York,"Manager of video team, Producer,"
Temporary Producer - Social media desk,Meredith,45000,white,male,1,"Washington, DC",
Updates Writer,Bloomberg,50000,white,female,3,New York,"Implement requested updates/changes by editors and writers; utilize editorial discretion with requested changes, editing content for style/grammar/context; create requested updates, writing sections in guides based on given information; edit guides and lists from top to bottom, ensuring all elements of the guide are up-to-date, correct and working; partner with editors and writers in certain beats to work on testing and writing to gain experience; prove yourself with side projects; load any changes and text into the CMS; work cross-departmentally and cross-beats to be the generalists of all things Wirecutter."
Vertical Managing Editor,NewYorkMagazine,65000,white,female,4,New York,
Video Editor,,149000,white,male,10,New York,Video editing for broadcast.
Video Editor,,75000,white,male,6,New York,"video producing, editing, camera, scripting"
Video Editor / Motion Designer,A biotech company,50000,white,male,4,Los Angeles,"Sole Video Editor for startup company, edit and create motion graphics for TV shows, social media and commercial. Edit 2-5 videos a day depending on content"
Video editor and motion graphics,,165000,white,female,20,"Washington, DC","Working on site or remote, I edit, do motion graphics and color grade. Often act as a producer editor. Political spots, non-profits, NGOs, scientific content. Almost all short form."
Video Journalist,WallStreetJournal,76000,white,female,6,New York,"Video editing, reporting, scripting, motion graphics"
Video journalist/editor,,75000,poc,female,8,"Washington, DC","Edit, shoot, write, voice overs, hold down the fort b/c managers can't edit video"
Video Producer,,83000,poc,female,7,New York,"Pitching, researching, reporting video news stories. Editing video and occasional filming."
Video Producer,,90000,poc,female,8,New York,"shoot/produce/report/edit videos for enterprise/feature stories, both field and studio production"
Video Producer,,75000,white,male,8,New York,"Created Motion Graphics Package, Created Project and Data Workflow, Pitch Videos, Edit, & Shoot Camera"
Video Producer,,75000,poc,female,3,New York,"pitch, shoot, edit, and create motion graphics for videos"
Video Producer,,95000,white,female,7,New York,"story pitching, producing, shooting, editing"
Video Producer,,67000,hispanic,female,2.5,New York,
Video Producer,Self-employed,53000,noanswer,noanswer,4,San Francisco,Shoot & edit promotional video content for a power five university’s athletic program
Video Producer,,72000,noanswer,female,5,"Washington, DC","scripting, reporting, and producing short form digital documentaries with a photographer/video editor."
Video Producer/Editor,,78000,white,male,10,New York,Editing and posting web videos to websites and social media
Video Producer/Editor,,80000,white,female,5,New York,"Produce, Shoot and Edit Videos"
Video Senior Producer,The Onion,65000,white,male,5,Chicago,"Produce, direct, oversee video production for publications"
Viral news editor,,76000,asian,female,9,New York,"Audience engagement, social media publishing, social media discovery, managing desktop/mobile/app homepage, packaging stories for web presentation (including SEO), consulting on all things digital"
visuals editor,small non-profit publication,60000,white,male,6,New York,"edit photo essays, short documentary videos, some writing and program management,"
Visuals journalist,CNN (Great Big Story),47250,white,female,2.5,New York,Creating/updating the site's photo galleries
web producer,VICEMedia,46800,white,female,2,Boston,"Manage/layout homepage, write social media posts and breaking news alerts, report breaking news, pull wire coverage on national/international news, write up short ""buzzy"" stories, produce stories for the web, ensure metadata is correct for various newsletters."
Web Producer,Reuters,50000,white,female,2,New York,"edit and produce, assign stories to freelancers, write for online and print"
web producer,The Globe and Mail,54800,noanswer,female,6,"Washington, DC","write all website content, oversee live streams, write breaking news updates, source/choose photos"
Writer,Meredith,64000,noanswer,male,3,Los Angeles,
Writer,,77500,white,female,2,New York,"Break news, research, write stories"
Writer,,88000,white,male,5,New York,"Writer, segment producer, occasional field producer for breaking news and special events"
Writer,,72000,poc,female,2,New York,"Writing, editing, fact-checking"
Writer,Non-profit_misc,60000,poc,female,2,New York,
Writer/Editor,Hearst,40000,noanswer,male,19,New York,"Feature writing, reporting, editing for various outlets"
Writer/Editor,,86000,white,female,20,San Francisco,"Writing, editing news and feature stories, etc."
Writing Fellow,Disney,37500,white,noanswer,2,New York,"Social media managing, analytics reporting // video editing, producing, scripting // writing for online // audio producing, editing, scripting //"