TITLE,COMPANY,SALARY,Gender Identity / Ethnicity,YEARS OF EXPERIENCE,LOCATION,JOB DUTIES,PREV SALARIES/TITLES/ETC
Senior Reporter,(Broadcast media),"$125,000 +  $6250 annual bonus",Asian cis female,9,New York,On-air original reporting and analysis; Writing original stories and analysis; Moderating at conferences and events ,"Broadcast media: $104,760 / Trade publication: $63,000 / Broadcast media: $27/h / Magazine: $15/h"
Bureau Chief,A B2B trade publication,"$58,000 ",Cis white female,12,Los Angeles,Run entire west coast bureau,
Editor/Submission Manager,A biotech company,"$114,000 ",Female/white,6,"San Francisco, CA","Editing, project management, comment adjudication",
Digital Editor,A Canadian magazine with international distribution,"$42,000 CAD",Cis white male,7,Remote,"Oversee all publishing on website, social media. Work with print editors. Manage website updates and bug fixes. Content strategy. SEO.",
Associate Photo Editor,A Canadian Media Company,"$57,500 ",Male,16,Toronto,,
Editor-in-Chief,A Canadian sports magazine,"$63,000 (CAD)",CIS white male,7,Toronto,"Oversight of print and digital (including site, social, video, podcasts); management of a small staff of writers and producers. ","I believe starting salary was $50,000 (CAD)"
Editor in Chief,A Chinese Digital News Outlet,"$100,000 after tax",Chinese Male,10,Beijing,"Managing team, editing, and writing",
Managing Editor,A community magazine,"$55,000 ",F POC,5,Toronto,Overseeing a team of five editors and oversee all editorial and photo shoots required for our monthly magazine,
Automotive industry reporter,A Detroit daily newspaper,"55,000",White,5,Detroit,reporting,"35,000, reporter. "
Content strategist,A financial institution,"109,000",F/white,13,North Carolina,Manage/produce editorial content,"72k trade magazine editor, 65k viral video producer, 90k trade association media editor, 55k financial wire services reporter, 32k community newspaper assistant news editor"
Editor/reporter,A financial news service,"126,000",Cis M/White,20,"New York, NY","Report, write, edit, train. Not supervising anyone directly.",
Senior Editor,A Future PLC outlet,"$35,000 ",Cis White male,7,Remote,"Writing editorial, news, and commerce content, editing editorial content of other writers","Starting salary $30,000; previously paid per post at variable rate"
Deputy Editor,A Future PLC web page,"66,800",Female,13,,,
Photojournalist,A Gatehouse daily,"32,000",cis man/white,5,Florida Panhandle ,"Sports, news, photo stories, podcasting, video","Started at 30,000"
IT support Technician,A Gym franchise (I'd rather not say),$21/hr,Female / White,4,California,"Networking, Remote control access, physical PC and Printer repairs, inventory, desktop support, phone support..","IT remote desktop support, Call center work"
Web Producer,A legacy newspaper,"$55,000 ",Cis white man,8,Texas,"Data analysis, social media, audience engagement, etc.","Reporter: $40,000, $55,000; editor $40,000"
Reporter,A McClatchy daily,37000,white female,20,Illinois,"reporting, photography, videography, social media, investigative, breaking",
Photojournalist,A McClatchy daily,"$34,000 ",Cis white woman,2,North Carolina,,
Reporter,A nonprofit news outlet,"$39,000 ",Cis white man,4,Northeastern U.S.,"Reporting and writing news and features for three counties, taking and editing photos, attending government meetings and events across those three counties, etc. ","Before this I worked three paid three-month internships at daily newspapers while an editor of my college paper, and then had a yearlong paid fellowship at a large metropolitan paper."
Editor (Copy editor),A personal finance website,"$60,000 ",cis white female,5,Remote / NYC area,"Copy edit SEO content, assign and manage freelancers, updates to old content, SEO research and article outlining",n/a
editor,A Russian news/opinion mill,$50k,"cis m, white",5,US,making articles concocted by not-native-English speakers coherent,
Reporter,A technology magazine,"$70,000 ",cis Asian-American woman,3,Boston,"Reporting and writing for online, newsletter, and print; some data & interactive work",
Senior staff reporter,A trade publication,"$55,000 ",Male/White,20,"Portland, Oregon","Reporting, writing, posting online content, page layout",
Producer,A+E,75000,cis white female,5,NYC,"write and produce videos, manage editors, pitch and develop concepts",$40/hr Associate Producer
Director,ABC,3500/wk,F,10,NYC,Direct TV series,
Digital Producer,ABC News,"$80,000 ",,,,,
Desk Assistant ,ABC News,$18/hour plus overtime ,WOC,,"Washington, DC ",,
Shareholder Relations,ABC News,"100,000 + 25% bonus",CIS WHITE MALE,25,Little St James,Protecting shareholder interests and aligning editorial input,Assistant to Jeff Epstein
Editorial Producer (booker),ABC News,"77,000",F POC,4,NYC,"Book guests for national news, develop long-term stories and relationships",
Associate Digital Producer,ABC NEWS,"70,000",White Male,3,NYC,Produce short videos for the website,
Senior reporter ,ABC News ,"$110,000 ","cis female, white ",15,Midwest,primarily feature writing ,"Freelance: Earned $50,000 the year I began and $100,000 my last year freelancing. 
Assistant Editor at an independent magazine: $30,000"
Reporter,Acuris,55000,White CIS Male,3,Western US City,"Cover industry-specific news with a financial focus, including analysis and company profiles, interviews with CEOs and bankers.","Previous work at a small legal paper, 50,000 starting, 51,000 at first raise (5 months in) 54,000 at second raise (1.5 years in). Contract marketing work prior, 14-17 per hour."
Copy editor,Adams Publishing Group,$16 an hour,cis white female,2,Small metro on West Coast,"Edit stories, manage page design, run opinion page",
Senior Reporter,Adams Publishing Group,"$21,840 ",Male/Caucasion,5,"Circleville, Ohio","General Reporting, community editor","staff reporter, 20,800"
Digital Editor,Adams Publishing Group,"$30,000 ",Cis female/white,6,Idaho,"Manage all multimedia aspects of the newspaper, including video, audio, website management, newsletters, and social media strategy.",
Reporter,Adams Publishing Group/APG Chesapeake,"$30,000 ",Cis white woman,4,Maryland,"Beat reporter assigned to crime, municipal government writing 10 stories/week for twice-weekly publication. I do all my own photography and most of my own editing because we are incredibly poorly staffed.","Company used to be owned by Washington Post before Jeff Bezos sold it in 2015: had worked here then from 2011-2014. Previously a communications worker in state government making $57,000/annually."
Data Journalist,Advance,"$41,000 ",cis POC female,5+ years,NY metro area,"data analysis, reporting, graphics, design",
Data Reporter,Advance,"$75,000 ",cis-het white male,15,NJ,"Regular original content, major projects, editing, newsroom training, mentorship, collaboration with beat reporters on graphics,  ",Started at $36K 10 years ago. 3-4 raises over the decade.  
Reporter,Advance,"$43,000 ",cis white male,3,NJ,,$33/hr as NY intern; $12/hr at internship in different city
Reporter,Advance,"57,000",cis Latina,6,Northeast,Reporting on state politics and related issues,"Started at $40,000 at a breaking news job (also in the Northeast)"
Audience Engagement,Advance Local,"$63,300 ",cis white female,4,NYC,"Social media, community management, brand management, moderation",Started at $52k (25/hr - I am hourly) 
Reporter,Advance Local,"$37,500 ",Cis female / white,1,Michigan,"Beat reporting, writing",N/A
Reporter,Advance Local,"58,000",Latina cis female ,3,NJ/NYC Metro area,"Beat reporting and writing, enterprise stories, social media. ","Three raises since hired after intership at 40,000. Intern at Advance Local about 12/hour with overtime. Intern at WNBC 10.50/hour "
Reporter,Advance Local,"82,000",cishet white male,9,East Coast ,Reporting and editing,"Entry-level web producer at 35K, reporter at $50K"
Reporter  ,Advance Local ,"$56,000 ",Female,16,,,
Reporter,Advance Local Media,"$49,000 ",Cis-het white female,15,Michigan,"Reporting, writing, editing own stories","Assistant editor at a regional magazine: $30,000
Web editor at a national magazine: $40,000"
Senior Social Producer,Ai,85000,White Female ,8,NYC,"Global Social Strategy, Managing Social Accounts, Writing, Producing Content. ",
Reporter / Content Provider,Aim Media Midwest,"25,000",Male / White,10,Ohio,"State, county, local government and politics beat reporter",
Reporter / Content Provider,Aim Media Midwest,"25,000",Male / White,10,Ohio,"State, county, local government and politics beat reporter",
Senior producer,AJ+,85000,,10,California,,
Producer,AJ+,"87,000",Cis POC Female,,California,,
Producer,AJ+,"85,000","CIS man, Hispanic",11,Washington,,"60,000"
Senior Producer,AJ+/Al Jazeera English,113000,Female/WOC,10,DC,,
Editor,AJC,101000,Cis white male,15,Atlanta,,Digital Editor/Copy Editor/Sub-editor
Head of Planning,Al Jazeera,"$135,000 ",Female/biracial,20,"Washington, D.C.",Organize and coordinate newsroom workflows and coverage,
Producer,All Over Pod,"($1,000,000)",Male,2,Milwaukee WI,Babysitting My Cohost,
Reporter,ALM Media / Law.com,73000,White male,6,NYC,,
Head of Engagement/Staffing,Alpha Creek Studio inc.,175k yr,Male,4,Florida,"To provide, staff, and oversee Journalist to multiple articles given by third party company for small to large projects",50k/Journalist/George
Editor in Chief,Alt Weekly,"$70,000 ",CiS white male,8,San Francisco,"Reporting, Editing all stories, Assigning almost all stories, helping with social media, running website, coordinate/manage freelancers, manage freelance budget","60,000"
Staff Writer,alt weekly,"$40,000 ",cis white male,24,West Coast,"Feature writing, blogging, social media sharing","alt weekly editor ($42,000), think tank journalist ($50,000), alt weekly staff writer ($27,000)"
Staff reporter,Alt Weekly,"$51,000 ",Cis Asian Female,5,Minneapolis,Investigative long-form,
Staff Writer,Alt weekly,"$22/hr, capped under 30 hrs/week so no benefits",Cis WOC,5,San Francisco Bay Area,"Lone news reporter, ~ 5 stories a week, social media",similar yearly wages as ed reporter in Minnesota
Staff Writer,Alt weekly,"$43,000 ",cis white woman,5,Chicago,"long-form investigations and features, weekly shorter news stories ","First full-time job in media. Three and a half years in this position, freelance before. Hired at $40k. Staff is unionized so got a small raise after two years through contract negotiation. First merit raise took three years and change of ownership/management."
Staff Writer,Alt Weekly ,"$40,000 ",Cis white woman ,7,Wisconsin,"News and features. Music and restaurant reviews. Frequently took my own photos. Helped with production (proofing, copy editing, writing cutlines). Weekly pitch meeting. Required to volunteer at company events. ","Started position at $37,000, got one (1) raise after a year. No retirement. Previously on staff at a daily; started at $9.50/hour (with LOTS of unpaid overtime), eventually got bumped to like $14/hour. Had retirement match. God this industry blows lol "
Online Engagement Manager,Alt weekly ,"65,000",white female ,2,"Washington, D.C. ","manage social media, newsletter engagement, digital marketing  ",
Copy Editor,Alt-Weekly,$250/week,F/W,12,Alabama,Copy editor,
assistant editor,alt-weekly,40000,cis white woman,2,mid-atlantic,"commission & edit freelancers, write & report stories, send newsletters",
Senior Producer,Amazon (Subsidiary),"106,000",cishet white woman,10,,,
associate editor,America's Test Kitchen,"48,800",female/biracial,10,Kentucky,"writing, researching, editing, testing kitchen equipment, producing photo shoots and TV show episodes","$28,000 as an editor at a very small book publisher; about the same as the managing editor of a quarterly photography magazine"
Deputy Editor,America's Test Kitchen,"$62,000 ",Cis white female,6,"Boston, MA",,
Senior editor,America’s Test Kitchen,"$52,000 ",cis white female,6,Boston,,"assistant editor = $40,000, associate editor =  $46,000"
Reporter,American City Business Journals,"$45,000 ",cis white female,3,Kansas City ,,
Reporter,American City Business Journals,"$45,000 ",cis latina female,5,"Sacramento, CA",Beat reporter,$30K as a reporter at a small town daily
Reporter,American City Business Journals ,"56,000",cis poc male,3,DC,writer,local reporter
Deputy editor,AMI,"$102,000 ",cis white female,6,NYC,"top-editing, managing team, assigning",
senior editor,AMI,"$73,000 ",cis male,6,NYC,features and FOB,
Digital Writer,AMI,"45,000",cis white woman,4,New York,,
Digital editor,amNewYork,"$56,000 ",Woman/white,8,New York City,"Report, write, edit, run website, schedule all social, posts and curate and send the daily newsletter","$54,000/things to do manager and $50,000 reporter"
"34,500",amNewYork(Schneps Media),"34,500",Cis white/latina female,2,"Brooklyn, New York",Write and take photographs for amNewYork and The Villager,Previously a freelancer in NYC
associate editor,an association,58K,CIS Woman POC,18,"Washington, DC","write stories for online newsletter, write articles for magazine, edit freelance content",
Sawyer,An Australian sawmill,42000,Straight white male,2,NSW australia,Sawmill duties,
Editor,An independent city magazine,"$80,000 ",Cis white woman,17,Florida,Everything editorial (I'm the only editor),
Production Specialist,An international business magazine ,64000,Female white cis,24,Boston,"Print production/InDesign, WordPress, HTML/XML, proofreading ","Starting salary in 1995 for Print Production Coordinator at Horticulture Magazine: $20K,"
Associate Editor,Annex Business Media,"$42,000 CAD",cis-het female,4,Toronto,"Managing three print magazines, its websites and social media. Organize workshops and business conferences sponsored by the company (requires some travel). Write and produce content for digital and print. ","Starting salary $28,000 a year at a local newspaper."
Editor,APG Media of Chesapeake,"$45,000 ","Male, white, not Hispanic",10,Maryland’s Eastern Shore,"Managed reporters, assigned stories, edited stories and proofed pages",
Managing Editor,Apple News,"$175,000 + Annual Stock",White Male (of course) ,10,Silicon Valley,Edit reviews and manage team of writers.,"Contributing Editor, Staff Writer, Editor, Managing Editor"
Managing editor,Association of Health Care Journalists,"$52,000 ",Cis white female,20,Remote,"Assigning and editing content, managing 8 regular freelancers and others as needed, social media, creating and editing conference programs and marketing materials","$33,000 publications coordinator, IRE & NICAR; $39,000 web producer, Sun-Sentinel"
Managing Editor,"Association of Health Care Journalists (please note that the already-listed ""digital coordinator"" is not a position that exists with AHCJ.)","$52,000 ",Cis female,20,California - work remotely,"Manage website content, including daily updates; supervise nine freelance journalists; assign and edit pieces about health care; compile daily enewsletter; engage with members on social media; track website traffic and interest via metrics; produce conference programs and other printed material.","$33,000/publication coordinator/IRE & NICAR; $38,000/online producer/Sun-Sentinel"
Senior reporter,Atlanta Journal-Constitution,"$97,000 ",Asian American,28,Atlanta,Columnist,
Assistant editor,Atlantic Media,"55,000",Female/White,3,Washington DC,,"67,000/Comms Director"
product management fellow,Atlantic Media/The Atlantic,"$35,000 ",cis white woman,0,"Washington, DC","QA, project management, customer support, metrics reporting",intern before this
Production Assistant,ATN,62000,White male ,2,"New York, New York",#NAME?,"-125,000 investment banking analyst
-HBS"
Editorial director,B2B trade publication,"85,000",POC woman,21,LA,"Manage all editorial, custom content for two vertical markets","63,000; editor"
Reporter,Baltimore Sun Media,"~$30,000",Cis-het-white,3,Baltimore,Suburban reporting,"$44,000 at a DC industry publication"
Reporter,Baltimore Sun Media Group/Tribune,"$35,000 ",Cis-het white female,2,"Annapolis, Maryland","beat reporter for a daily newspaper, covering city hall, military; currently on a yearlong project w/ ProPublica",N/a
Blogger,Barstool Sports,"175,000",Male ,10,New York ,Blogging and podcasting ,
Podcast Sidekick and Honorary Producer,Barstool Sports,"$25,000 + merchandise bonus",White cis blind male,2,Boston,"Submit topics for show, laugh at podcast host's jokes, make prank phone calls, and occasionally cry.","Marketing and Events Assistant / Entercom / $35,000); Podcast host / Entercom / unpaid"
Reporter,Bay Area News Group,"$58,000 ",POC female,5,"Bay Area, CA",Local government reporter,
Reporter,Bay Area News Group,"$39,500 ",Cis male white,4,SF Bay Area,Local government and news reporter/photographer,$35000 / Community reporter 
Reporter,Bay Area news website,"$82,500 ",White woman,16,Bay Area,"Daily news, social media",
Self Shooting PD ,BBC for BBC3,1750,Female/White ,12,London / America ,"Camera, journalistic research, managing talent, filming aboard, producing and directing on the ground. ",
Special Project Editor,BBC Global News Limited,$350/day,white cis woman,10,NYC,"commission and edit multi-month special section, at least two stories per week","managing editor ($110k), editorial director/general manager ($120k), senior editor ($125/hr, no benefits), senior editor ($70k), associate editor ($50k, no benefits)"
Reporter,Beaver Dam Partners,"32,200",Female,3,Massachusetts,"Reporting, writing, copyediting, layout, social media",
Reporter,Berkshire Eagle,"28,600",male white,2,"Pittsfield, Massachusetts","Broad coverage of far flung rural area, including extensive driving time ",
Reporter with some data entry,Berkshire Hathaway Media,"31, 500",White/non-binary,2,"Omaha, NE",,
Writer,BET ,250/article,CIS POC Female,10,New York,Writer,
Producer,BFM MEDIA,"USD$1,700",Asian,10,Malaysia,Producing and presenting multiple radio shows daily. Podcasting and research on numerous topics,
Digital Coordinator,BH Media,"$35,500 ",cis mixed female,4 years of digital journalism experience,Virginia,"Manage social media feeds and engage with site's audience, work with reporters to  make sure website is up to date, publish daily newsletters, schedule features, track analytics using Google Analytics/Parsely, coordinate breaking news, send mobile push alerts",Freelanced for various sites with varying rates; started current job with a salary of $34k/year and recieved a raise one year into the job.
Copy Editor/Page Designer,BH Media,"$42,000 ",cis white female,18 years,Virginia,"Designing a variety of pages including front page/features/special sections. Supervising the copy desk. Editing copy. Writing headlines, cutlines, etc. Updating website. Editing and choosing photos. Pitching stories at afternoon budget meeting. Wire. ",
Reporter,BH Media,"$36,057 ",cis bi white male,4,Virginia,Reporter on local government,"$30,000, reporter"
Reporter,BH Media,"$28,000 ",Cis Male White,4,Southeast U.S.,"Reporting (Daily news/enterprise/features/data driven/investigative), writing, photography, data analysis, graphics/data vis. ","Freelance for a daily paper $50 per assignment, internship at a daily paper $12 per hour. "
reporter,BH Media,"38,000",,5,Virginia,"covering multiple beats, reporting, writing","Another BH property at 30,500 "
Associate Editor,BH Media,"$35,000 ",Cis white woman,5,Nebraska,"Pitching, assigning, writing, and editing content for special sections; managing seven regular freelancers and others as needed; coordinating, creating, and responding to social media; designing and editing daily copy and pages; uploading all daily content to the web.","Copy Editor/Page Designer, $32,000"
Reporter,BH Media,"$36,000 ",Woman/White,3,Virginia,My beat and anything else that pops up,"$28,000 at a community newspaper"
Digital Content Coordinator,BH Media,"38,000",White cis female,3,Virginia,"Oversaw all social channels, newsletter production, online content, longform design, breaking news coverage. Served as data editor, visualizing data for online storytelling.",
Reporter,BH Media,45K,cis woman,5,Virginia,beat reporter,
Managing Editor,BH Media ,"35,000",Cis white woman,3,Virginia ,"Full-time reporter in addition to assigning, editing & curating contributed content for each edition. Representing the paper to higher-ups and the community. Managing all social media. ","Editorial assistant/reporter @ $10.50/hr; writer for a DC-based nonprofit @ $52,000/year. "
Assistant editor ,BH Media ,"$50,000 ",Cis white lesbian,25,,,
Reporter,BH Media Group,"$27,100 ",Cis female/white,1,NC,"reporting, writing, editing, photography ",N/A
Sales Assistant,Big 5 Publishing Company,38800,White,1,NYC,"Supporting sales reps through data entry/analysis, submitting orders, booking digital ads, etc",Internships at $15/hr
Publicist,Big 5 publishing house,"53,000",cis het white woman,5,NYC,"Planning and executing full publicity campaigns for 15-20 books per year. Includes interfacing with media, lining up review and feature coverage, setting up events and multi-city author tours, and regularly being on-call nights and weekends.",
Associate Marketing Manager,Big 5 Publishing House,"$49,500 ",cis white female,5,NYC,,"associate - $45000, assistant - $35000"
head of content,big company's small editorial pub,"130,000",white cis woman,15,New York,"editing, strategy, operations",
Office Production Assistant,Big Fish Entertainment,$210/day or 50k/year,Cis White Male,4,NYC/LA,Book flights and cars. Organize documents. Make gear and food runs,"Executive Assistant, Associate Producer, Production Assistant at NBC, HBO, Dreamworks among others"
Coordinating Producer,Big Fish Entertainment,"$100,000 ",doesnt matter,8,NY,,
Graphic Designer and Social Media Contributor,BJBSJ,"< $30,000",White cisgender male,1,Boston,Create artwork for website and social media,"Fantasy Football Writer, Lowell Sun ($20,000/yr); Statistician, Upper Deck ($25,000)"
Reporter,Blank Slate Media,30000 + optional benefits,CIS white female,2,"North Hempstead, NY","Tasked with finding and writing at least eight stories/briefs per week expected, managing relevant freelance assignments, attending/covering several late night meetings, writing headlines, and taking photos. Four reporters (plus freelancers) total covered six papers. ","Two internships, local freelance experience, and college degree in journalism. Salary at start of job ($30K) was same after two years. "
Photo Editor,Blink.la,48000,White cis female,4,"Brooklyn, NY","Curate travel, editorial and archival photos for projects for Google",Freelance Photographer/Waitress/Translator - making much less
Reporter,Bloomberg,"$80,000 + $5,000 bonus",Female/White,5,NYC,Write stories for terminal customers,
Senior Producer,Bloomberg,"$115,000 ",Male,11,NYC,"Pitch, research, interview, write, shoot, edit medium-length documentary pieces","100k as a producer, 83k as producer, 90k as producer (basically producer all the way down)"
Reporter,Bloomberg,"128,000",Cis white female ,10,New York ,Reporting and writing for Bloomberg News and BW,
Reporter,Bloomberg,"90,000 + 5k bonus",White Cis Woman,4,NYC,Reporting on a very specialized business beat ,Trade publication 65k in NYC; local newspaper reporter 30k in a different state
Entry-level reporter,Bloomberg,"60,000",female,0,New York,Reporting,
Editor,Bloomberg,115000,"Male, White",20,Middle East,"Edit, some enterprise reporting","Editor, Corporate-105,000
Editor, Corporate-98,000"
Legal reporter,Bloomberg Law,"$59,000 ",cis white man,"4 years in journalism, plus law degree",DC,"Reporting from court filings, attending court hearings, interviewing litigants and attorneys in cases, as well as other legal experts ",
Reporter,Bloomberg Law,"$58,000 ",Cis white woman,2,"Washington, DC","Cover daily news, write enterprise stories, appear on radio and TV periodically ","$57,000 starting salary, reporter"
Reporter,Bloomberg Law,"$69,950 ",bi cis white woman,2,"Washington, DC","report on legal filings, interviewing parties, attending live events and reporting from the field.",law degree
Editor,Bloomberg Law,"$71,000 ","cis female, white",3,"Washington, D.C.",,
Legal reporter,Bloomberg Law,"$68,000 ",cishet white female,2,DC,lawyer writing about litigation,
Writer/reporter,Bloomberg Law / Bloomberg BNA,"$95,000 ","cis male, white",15,remote U.S.,writing/reporting on government and legal news,"reporter/editor for corporate finance news service $65,000; reporter/editor for local newspaper $38,000"
Bureau Chief,Bloomberg News,"$130,000 ",Cis female POC,8,n/a info would reveal my identity,"Manage coverage, personnel","Editor $52,000"
Reporter,Bloomberg News,"$106,000 + annual bonus of about 3-7%","Male, Asian",5,Tokyo,"Covering company earnings, product releases, industry announcements, etc. Special focus on stock-moving scoops. ",
Reporter,Bloomberg News,"$45,000 ",CIS Male,2,London,graduated from internship to join one of the desks,
Editor,Bloomberg News,"$93,000 ",CIS male POC,6,Hong Kong,"Report, edit, assign business news with focus on companies. ","Reporter, ranged from $51,000-$60,000. Intern $13.50/hour for 10 hour days (no overtime)"
Editor,Bloomberg News,"$162,000 + $27,000 target bonus",cishet black male,27,Acela Corridor,"Editing, some writing",
Editor,Bloomberg News,"$118,000 ",,22,New York,Editing/Writing,"Same job, $121,00 (They've been cutting experienced employees' pay for a couple of years)."
Senior Editor,Bloomberg News,"210,000",cis white man,25,New York,,
Reporter,Bloomberg News,"145,000 plus bonus",Male,20,northeast U.S.,"feature writing, original enterprise reporting",
Editor,Bloomberg News,"157,000 (including bonus)",,10,Acela Corridor,"Edit stories, write some. ",
Africa Business editor,Bloomberg News ,"$77,000 ",cis male,15,South Africa,,
freelance longform writer,"Bloomberg, Springer, NYT, The Atlantic et al",$78000/ up to $2.67/word,male/white,20,"NY, LA, SF",writing features,"senior editor, features editor, producer, articles editor "
Assistant Editor,Bonnier,41000,cis gay white man,3,NYC,"writing, editing, newsletter production, managing invoices",
Staff Writer,BostInno (American Inno) ,"45,000",white cisgender woman ,3,"Boston, MA",Report and write articles and daily newsletter. Edit articles. Write and edit social media copy. Manage interns. Field internship candidates. Speak at events and moderate panels. ,"Permalance fact-checker: $23.50/hr. Editorial fellow: stipend of about $2,400/mo. Metro correspondent: about $12-13/hr. "
Part-time Digital Content Producer,Boston 25 News,"29,744","female, white",9,Boston,"Write stories from scripts, police and fire releases, press releases, create push alerts, write Facebook, Twitter and Instagram posts, digitize video from broadcasts","37,000, part-time associate copy editor, ESPN with free Disney tickets
32,000, part-time assistant copy editor, ESPN with free Disney tickets
10/hour, copy editor intern, ESPN with free Disney tickets"
Multiplatform Editor,Boston Globe,"$94,000 ",Male,13,Boston,"Copyediting, headline writing, basically just a rebrand of copyeditor for the web",
Reporter,Boston Globe,"80,000",Cis white woman,6,Boston MA,Reporting and writing ,
Multiplatform editor,Boston Globe,"$84,000 ",Cis white woman,5,"Boston, MA","Copy editing, headline writing, web production (adding photos, related links, etc), social media, newsletters, push alerts, some webpage layout. My job is on the express desk (our breaking news operation), so it’s more of a hybrid role than the folks on the print side. ","Copy editor (print only), max $71,000 with 3 years’ experience"
Columnist,Boston Globe,37500,Lesbian black transgender female,9,Boston,Daily column,
Reporter,Boston Globe,"$95,000 ",White male,16,Boston,Reporter covering a major news beat.,"95,000. Beat reporter at a different large-market daily newspaper."
web producer,Boston Globe,"46,800",cis white female,2,Boston,"Manage/layout homepage, write social media posts and breaking news alerts, report breaking news, pull wire coverage on national/international news, write up short ""buzzy"" stories, produce stories for the web, ensure metadata is correct for various newsletters.","editor/multimedia reporter for local GH paper in the Boston area. salary: $28,000"
Photographer,Boston Herald,"58,000",white,23,Boston,"Photograph, pitch stories, assign, write",
Post Production Supervisor,Bravo,$2600/week,Female cis Hispanic,2,Los Angeles,"Oversee the Post Production department on a Reality TV show (scheduling, budget, online and delivery, day to day)",Post Production Manager (5 years) at $1600/week (5% bump each year)
Reporter,Breaking Media,"$60,000 ",Cis white female,5.5,Remote / Southern California,"Report on health insurance, tech","$50,000 - Southern California business weekly, $40,000 - KC business weekly, $32,000 - first job in CO."
Producer ,BRIC ,"45,000",queer white women ,1,Brooklyn ,produce / shoot / edit ,"1 year AP, 38,000, 1 year PA 12/hr"
Reporter,BridgeTower Media,"$63,000 ",Cis white male,22,Boston,"One 1,500-word cover story, one 800-word inside story, blogging, podcasting","Senior editor, weekly newspaper/website editor, $43,000"
Director,Bristol Myers Squibb,"250,000",Cishet white,20,Usa,Information Technology,
Social Media Manager,"Britannica, Inc.","$51,000 ",Cis-Het White Female,13,Chicago,"Community management, content management, budgeting and management of paid content, editorial calendars, day-to-day posting, blogging, video script composition, graphic design, news judgement, copy editing, social media strategy, light video editing, analytics reporting, video production...","I got a 2% ""raise"" after two years at current position. Company instituted 401k match for the first time a couple months ago. Previous: Social Media Manager @ [Satire Website] ($38k/year), Social Media Specialist/Copywriter @ [Marketing Firm] ($15/hr). Before that, years of freelance/unpaid hell post Master's Degree."
Reporter,Brooklyn Eagle,"57,000",cis white male,2,Brooklyn,writing multiple stories per day as well as long form pieces covering the borough of Brooklyn,reporter at other NYC publication
Reporter,Brooklyn Eagle,"54,000",cis white female,7,Brooklyn,,Previous experience in Brooklyn news
Audience and Growth Manager,Brooklyn Eagle,"$65,000 ",Cis white woman,6,"Brooklyn, NY",,
Managing Editor,Brooklyn Eagle,"59,000",White cis woman,1.5,Brooklyn,"Overseeing team of 6 writers, editing 45+ staff stories per week, managing CMS and editorial calendar, running company Twitter account, editing freelance stories","started at 40K as a copyeditor, raised to 57k as managing editor, 5% raise after one year"
Reporter,Brooklyn Eagle ,"$50,000 ",POC/Latina/Female,4,Brooklyn,"Pitching, writing local news stories about the people and politics of Brooklyn ","Senior Editor, reporter, intern"
Reporter,Business Insider,"$65,000 ",white cis-female,3 years BI,NY-HQ,#NAME?,"42000 starting, bumped to 51000 then 55,000 in annual raises. Possible 15000 in bonus, usually ends about 65000"
Senior Staff Writer,Business Insider,"$69,999 ",,"6 years FT at multiple publications, 4 years freelance",NY-HQ,#NAME?,"- $3,000+ permalance
- Freelance contributor, online and print, highly varied ($0.45-$1.00/word)"
Senior Editor,Business Insider,"92,000 + $30,000 bonus",cis white female,7,NYC,"Lead freelance, tech, and guides coverage for ecommerce vertical. Manage a team of editors, reporters, and freelancers.","Guides editor at Business Insider: 75,000 + 10,000 bonus > 82,000 + 22,000 bonus
Mobile & wearbles editor Digital Trends: 65,000
Staff Writer at Digital Trends: 45,000
Section editor at Tech Times: 42,000
Staff Writer at Mobile.pro: 35,000
Freelancer at Mobile Geeks: $5-20 per post"
Senior Reporter,Business Insider,"$75,000 + $5,000 bonus contingent on meeting goals",cis white woman,2,NYC,"Reporting, writing","Intern at BI $15/hour
Reporter: $50,700 starting salary in 2018
$60,000 raise in 2019
$75,000 raise + promotion in 2019"
Associate Producer,Business Insider,"$53,000 ",cis het Asian male,2,New York,"Script writer, shooter, editor, animator, voice over artist","Associate Producer Year 1 - $50,700
Intern - $13/hour"
Social Media Fellow,Business Insider,$18 p/h,cis black woman,4,New York,,
Associate Producer,Business Insider,"50,000",White male,2,NYC,Video Producing,
Editor,Business Insider,"$75,000 + $10,000 bonus eligible",cis bi white woman,9,,,"Senior editor ($65k), editor ($60k), research editor ($50k)"
Associate Producer,Business Insider,$53000 + $5000 bonus,cis asian woman,2,New York,"shooter, video editor, producer",intern 13$/hr
Reporter,Business Insider,62500 + 5000 bonus,cis het white male,5,New York,"daily reporting, occasional travel for reporting",
Junior Reporter,Business Insider,"50,700",White Man,1,NYC,,
Junior Reporter,Business Insider,"$50,700 ",cis female/black,1,NYC,"pitching, reporting, writing articles","previously an intern making $15/hr, 20 hours a week"
Senior reporter,Business Insider,"$100,000 + $10k bonus",White cishet woman,4,NYC,Reporting exclusive finance news + features,4 years' experience; previously was a senior reporter at another outlet
Copy Editor,Business Insider/Insider,"$55,000 + $5,000 bonus",White cishet woman,3,New York,"Edit for clarity, accuracy, fairness, inclusivity, grammar, sense, style, spelling, punctuation","Intern at BI, $12/hour (2016)"
Assistant Managing Editor,Business Insider/Insider,"$86,000 ",cis latina female,6,New York,"Manage fellowship program, oversee newsroom trainings, recruit and hire, maintain newsroom policies, manage distribution team","Copy chief ($72,000), senior copy editor ($55,000), copy editor ($48,000)"
Photo editor,Business Insider/Insider,"$63,000 + $5,000 bonus",cis white queer male,5,NYC,"Designing/shooting/editing in-house visuals for editorial and revenue, tracking licensing of in-house visuals, managing editorial wire subscriptions, fielding legal and sourcing questions, organizing/hiring freelance photographers, collaborating with story art team on large projects/revenue projects, training reporters in photo basics, weekly visual legal trainings for new hires, managing photo team","Photo intern ($11/hr, 2015) > visuals reporter/photographer ($40k, 2015) > COLA ($42k, 2016) > raise ($48k, 2016) > raise ($52k, 2017) > photo editor ($58k, negotiated to $63k within two months)"
Reporter,Business journal in Colorado (can't disclose because it's too easy to track down),"$40,000 per year",White cis male,3,Fort Collins/Boulder,Reporting for daily online issue (2-5 stories per day) and monthly print edition (1-2 longforms per month),"2 newspapers in Iowa over 3 years- $27.5K for 2 years, $37k for 1 year"
"Senior director, content",business-to-business publisher,165000,male/white,30,new york,run branded content studio,
Associate Editor,Bustle Digital Group,"$63,000 ",cis white female,5+ years journalism experience,Remote,#NAME?,
Senior editor,Bustle Digital Group,"$73,000 ",Cis white woman,7,NYC,"Assigning/editing features, reported pieces, and essays ","Started senior editor at $70K
Editor at $60K, then $65K
Associate editor at $47K, then $52K"
Associate Editor (commerce),Bustle Digital Group,"63,000 (bonus if revenue goals met)",White female,14,Remote,,
Senior Editor,Bustle Digital Group,"$70,000 ",White cis female,4,New York,"Editing news and features, managing a small team, some writing","Full-time freelance writer at Hearst: $17/hour
Assistant editor at Hearst: $42k
Editor at Bustle Digital Group: $55k
Raise to $60k — no promotion
Promoted to Senior Editor at $63k
Asked for $75k when I found out colleagues were making that, given $70k"
Designer,Bustle Digital Group,"$62,000 ",cis white woman,3,"New York, NY",,"$52,500 - Design Assistant"
Senior Editor,Bustle Digital Group,"82,500",Cis white female,6,New York,,
Associate Editor,Bustle Digital Group,"$60,000 ",cis het white male,2.5,New York City,"Editing staff writers and interns, managing editorial calendar, reporting and writing posts","Started at $48,000 as staff reporter"
Staff Writer,Bustle Digital Group,$30/hr,cis white woman,8,Remote,"researching, pitching, writing 2-3 blogs or 1,500 words a day",Associate editor - $60K; Producer - $75K; Executive assistant - $45K; Events director at a nonprofit - $35K
Editor,Bustle Digital Group,"$61,000 ",Cis white female,3,New York City,Manage writers and vertical content,"Staff writer, freelance writer"
Associate Editor,Bustle Digital Group,"$58,500 ",Cis white woman,4,New York City,"Manage team of part-time writers, edit large volume of weekly posts, feature writing","Staff writer: $45,000
Freelance: between $25,000-$35,000 (this was right out of college/entry level work)"
Senior Editor ,Bustle Digital Group ,105k,White Cis Female ,10,New York ,,
Staff Writer,Bustle Media ,$18 per hour,POC female,3+ years  ,Remote,"pitching, researching, writing, editing, 1500+ words daily",
Assistant Program Director/Music Director & AM Show Radio Host ,Bustos Media,"$50,000 ",F/Straight/Mixed Hispanic,17,"Tucson, Arizona","Create programming clocks, Schedule Music Logs, Track all music played, help create and input audio for on air and promotional use, weekday music intensive morning show, community events and live broadcasts. ","MD/Morning Show Host - $40,000"
Staff writer,Butler Media,"$26,000 ",cis white woman,2,Pittsburgh,"cover arts, entertainment, news, basically everything. Editing, proofreading, etc. ","$7.25/hr, $13/hr"
Audience development strategist,BuzzFeed,"$67,000 ",,4,NYC,"Fielding data requests, putting together coverage recaps, writing timely posts, working on a variety of content strategy projects",
Reporter,BuzzFeed,"$71,000 ",,10 years full-time in journalism,LA,#NAME?,
Reporter,BuzzFeed,"$82,500 ",,"5 years FT at BF, 1 year freelance",NY-HQ,#NAME?,
Editor,BuzzFeed,"59,000","Female, white, cis, het",12,,"Editing, writing, hiring, managing, data analysis","staff writer (41K), senior staff writer (54K)"
Video Fellow,BuzzFeed,$18 /hr ,Woman CIS,,New York,produce/edit/shoot a video a week,
Art Director,BuzzFeed,"90,000",Cis Female / White,6,NYC,Manage editorial and branded art/design/video projects ,62k (freelance) > 63.5k (starting BF) > 65k (graphic designer) > 71k > 80k (AAD) > 90k (AD)
Project Manager ,BuzzFeed,72000,Female / White ,1.5,New York ,"Handle execution of projects between editorial and business team that fall within the scope of affiliate shopping content, branded content, and strategic partnerships ","Product Coordinator - $55,000"
Associate Art Director,BuzzFeed,"$76,200 ",Latina,6,LA,"Manage a small design team, create graphic, illustration, and motion designs for various Editorial and Branded projects.",Starting at BuzzFeed: 43K (Jr. Designer) > 55K (Illustrator 1) > 74K (AAD)
Reporter,BuzzFeed News,"$42,000 ",cis white male,"4 as reporter, 3 as writer",Remote,"reporting, field reporting, occasionally breaking news, research",
Staff Writer,BuzzFeed News,"$70,000 ",cis latinx male ,5+ years FT,NYC,#NAME?,"$50,000 starting in 2014."
Reporter,BuzzFeed News,"$74,200 ",white cis-female,4.5 years at BF,NYC,"breaking news, several news features, internet culture reporting","-$12/hour as a buzzfeed fellow 2015
-$40,000 starting salary (flat-rate) when converted from fellow to Buzz Writer 2015
-$54,000 leveling 2016, moved to News side later that year
-$60,000 raise 2017
-$64,200 promotion 2018
-$74,200 promotion 2019"
Reporter,BuzzFeed News,"$82,445 ",,"7 years at BF, 8.5 years full-time in journalism",Remote,#NAME?,"-$45,000 starting salary in 2013
-$50,000 raise in 2014
-$60,000 raise in 2015
-$64,000 raise in 2016
-$73,000 market compensation adjustment in July 2016
-$75,190 raise in 2017
-$77,445 raise in 2018"
Deputy Editor ,BuzzFeed News,"$86,000 ",white cis-female,6 years,NYC/ SF,"Breaking news, editing stories, managing various social channels, 
video production (shooting and editing) editorial planning,
 digital asset management, cross-platform coordination,
 launch of new pages","-editorial fellowship
- 55k Associate LGBT Editor
- bumped at various times  to 70k
- promotion to deputy editor,  86k in 2018 before lay offs"
Deputy Editor,BuzzFeed News,"$90,000 ",cis white man,7 years,SF,editing,"Editor at regional magazine: $60,000"
Reporter,BuzzFeed News,"$104,000 ",POC woman,9,west coast,reporting and writing,
Reporter & editor,BuzzFeed News,"75,000",Cis WOC,5,NY,"Reporting, assigning, editing breaking news","- news writer $19/hr
- associate general news editor $57,500 (1-3 years experience)
- associate news and politics editor $55,000 (3-5 years experience)"
News Curation Editor,BuzzFeed News,"$72,000 ",Cis White Man,6,New York City,"Running social channels, working with desks to prep copy for stories, broader social strategy.","- Web producer at local tv station in Buffalo, NY: $24,000 (+ overtime)
- Web producer at local tv station in Washington, DC: $45,000 (no overtime)
- Social media editor a digital brand backed by large news corporation: $65,000
- Starting salary at BF: $68,000"
Senior Reporter and Editor,BuzzFeed News,"$115,000 ",Male / Black,7,New York,MANY,
Reporter,BuzzFeed News,"58,000",White cis female,8,Remote,"Reporting breaking news, features",
News Curation Editor,BuzzFeed News,"$70,000 ","WOC, cis",5,NYC,"Running social channels, sending push alerts, curation mobile app, homepage editor, promoting BF shows and series","- $75,600 Mobile News Editor - contractor, but they offered health insurance
- $18/hour ($38,800)  - Program Coordinator at cable network, no health insurance"
Staff Writer 2,BuzzFeed.com ,"67,000",Black cis straight woman (first-gen American),8,NYC,"For starters, writing daily posts for BuzzFeed.com (not News), tracking post traffic and iterating on ""successes,"" developing new methods of creating ""viral"" content, producing and starring in videos, producing and publishing art projects, creating branded and sponsored content, brainstorming editorial, branded, and sponsored strategy for vertical, participating in and/or leading tent pole projects and sprints across different teams...","Jr Staff Writer (Style/Beauty Team) - $55,000 (HR told me this was the maximum amount a junior writer could make), Staff Writer 1 (As/Is Team, received promotion less than a year in thanks to my manager - a black woman- and her former manager - a white woman) ~$63,00. I advocated, painstakingly (I paid a negotiation expert $200 for tips/advice) and successfully, for 6 months for a subsequent promotion to Staff Writer 2 because I realized was performing the responsibilities and had the skill set of that position according to BuzzFeed's Leveling and Compensation policy."
web producer,C-SPAN,"$54,800 ",cis-het female,6,"Washington, D.C.","write all website content, oversee live streams, write breaking news updates, source/choose photos","radio production assistant (entry-level) $31,600"
Staff Reporter,Call Newspapers,"26,000",Cis-Het white female,3,St. Louis,"Reporting on local government, breaking news stories, human interest stories, education, etc. Also assist in page layout and design. I do all the photos for our paper and the majority of photo editing. Also assist in editing copy. ",
Editorial Assistant,"Canadian magazine, part of a larger media company","$40,000 ",Female/White,5,Toronto,"Daily digital reporting, reporting for magazine, daily paperwork",
Producer,Canadian Public Broadcasting,$71000 Canadian,"Female, Jewish",11,Toronto,"Pitching for segments, researching/writing questions, creating graphics, choosing and booking guests for interviews and panels",$33000 for section editor of small religion-focused community paper
Reporter/Web Editor,"Canadian radio station, part of a large media company","$50,000 ",Female/White,6,Vancouver,Reporter/Web Editor ,
Sports Reporter,Canadian Television Station,"49,000",cis White female,5,Western Canada,"Web writing, video journalist, camera work, editing, reporting, on camera","Small TV station 28,000 annual
Medium Market TV Host 60,000 annual"
Producer,Canadian TV station,"$69,000 CAD (or $52,000 USD)",Cis POC female,8,Toronto,"One or more of the following every day: assigning for the daily news show, lining up the show, segment-producing for reporters, taking the show to air.","Reporter/$50-55k CAD (print, digital & broadcast salaries, 4 years running)"
Digital Investment Specialist,Canvas Worldwide,62000,Female,2,Los Angeles,,
Health Reporter/Staff Writer,Carroll County Times/Baltimore Sun Media Group/Tribune Publishing,"$36,500 ","White, cishet male.",7,"Westminster, Maryland","Daily newspaper reporter: Covering breaking news, meeting daily deadlines while also working ahead on features and reporting projects. ","Started at $29,000 at associated weekly paper, moved to daily and had to fight for six months to get the typically $31,500 salary. Got bumped to $34K and change in 2016 after getting other job offers and boss was able to (almost) match. Bumped to current salary by company wide raise in 2017. My take home pay is currently $324 per week. "
Digital producer,CBC,"$76,000 ",cis white female,7,Toronto,"Creating strategy for and posting to social media channels, pitching social and digital story treatments, writing web stories, editing audio/video, coordinating cross-promotion with other departments, addressing audience questions/comments. ","Web editor, social media coordinator, associate editor, writer, reporter"
Senior writer,CBC,78000 CAD (59k USD) brutto,white male,10,Toronto,"Edit journalists, write breaking news","58k CAD as junior writer (CBC), 40k CAD as desk editor (Sun news)"
Producer,CBC,"$78,000 ($58,000 USD)",cishet white woman,7,Toronto,,
Reporter/Editor,CBC - Canadian Broadcasting Corporation,"$69,805 ",Male / Caucasian / Cis,11,Second-tier city in Canada,"News writing, editing web stories written by team members, interviewing sources, fact-checking, packaging online stories, visual presentation of web stories, formatting web videos for digital platforms, quicky write breaking news stories.","For other media outlets, was making around $58K in 2016, $50K in 2012 and around $40K circa 2009. "
Senior Reporter,CBC News,"$85,000 CAD ($64,200 USD)",cis white male,9,Toronto,"covering news and analysis for the web, radio, and tv; writing and hosting produced segments for broadcast (radio/tv); podcast appearances; live tv and radio hits; investigative reporting;",
Reporter/Editor,CBC News,"$62,806 CAD ($47,387 USD)",Cis bi Arab woman,3,Would identify me,"Majority daily news reporting for web, radio, television, and occasional social media videos. A focus on court and education. Pitch daily news and occasionally work weekends, holidays, nights. Sometimes edit others' stories, fill in on the web desk. ","- I was a casual reporter in the same province for a year before getting a job. Was paid $31 ($21 USD) an hour but the number hours I got was unpredictable.
- Before that, contract reporter at a local paper. Made around $38,000 ($28,671 USD)
- Before that, an internship at a local paper, made $27,000 ($20,371 USD)"
Reporter/editor,CBC News,"60,000",Cis bi white woman,5,Canada,Writing and editing stories.,
Senior Editor,CBS,"$85,000 ",cis woman / poc,8,NYC,Tentpole planning / Features (editing/writing) / Building out and maintaining freelance roster ,Everything from staff writer (32k) to Section Editor (75k) before current gig.
Production Coordinator,CBS ,"83,200 before taxes ",Female,4,New York,,
Freelance Podcast Producer,CBS ,$50/hour,CIS white woman,15,Los Angeles,Pitching/sourcing/booking guests/scheduling,Former NPR-affiliate Senior Producer
Production Assistant (Intern),CBS ,15.00/hour (unlimited overtime),Latino,2,Washington DC,,
Commerce editor,CBS Interactive,"$70,000 ",cis white female,4,New York,Section head overseeing all commerce content creation,"Web producer, editorial assistant, internships"
Senior audience engagement manager,CBS Interactive,"$90,000 ",cis latinx female,6,San Francisco,Mobile audience engagement and development,copy editor: $54K / homepage editor: $67K / engagement editor: $83K
News Editor,CBS Interactive,"70,000",cishet white female,3,New York ,,
Senior Digital Designer,CBS Interactive,"85,000",Cis Male Mexican,6,"Los Angeles, CA","Designer for digital shows verticals, social and editorial",
Reporter,CBS Interactive,"$100,000 ",Black Male,12,"New York City, NY",reporting and writing stories for CBSNews.com,"$84,000
$60,000
$32,000
$48,000
$35,000
$26,500"
Associate Producer ,CBS News,"64,000","WOC, BLACK, cis ",2,NYC,"Monitor breaking news, newsgathering, provide editorial judgement for all shows as well as social/web, launch crews and delegate plans for story coverage for broadcast. ","Broadcast Associate - CBS News - 34k, for 2 years. Livable only with working OT "
Broadcast Associate,CBS News,$17.34/hr,Cis Asian female,3,New York NY,Produce VOs for broadcast; gather elements for producers' packages; transcribe interviews,"Executive assistant - $16.92/hr
News associate - $15/hr

Non-salaried positions (news associate, executive assistants, broadcast associates, production associates, etc.) make a ""living"" wage thanks to OT"
Production Associate,CBS News,"$36,000 ",cis hispanic female,5,NYC,"Organize footage, book locations, pretty much help the producer with whatever they want","PA at local station (almost $17/hr), news associate ($15/hr), intern ($10/hr)"
Promotions Producer,CBS News,"$56,625 ","White, female",4,DFW,,
Associate Producer,CBS News,"$60,000 ",Cis white gay male,4,"New York, NY","Live feeds, content collection, editing, etc","WTVR- Producer $36,000"
Associate Producer,CBS News,"64,200",Male White,15,"New York, NY","Lots of duties - Edit and write VOSOTS, research, newsgathering, communication with affiliates and other partners ","48,000 / Associate Producer at CBS News in 2013"
Associate Producer,CBS News,"63,080",Cis Woman of Color,4,New York City,"Producer/crash day-of-air pieces overnight (write and oversee edits, coordinate with correspondents)","News Associate, Broadcast Associate"
Associate Producer ,CBS News ,"$68,000 (+annual increase) ",White Cis female ,4,NYC,"Functionally a producer (produce packages, report, field produce, oversee edits, etc.) ",
Associate digital line producer,CBS News - KPIX,"$68,000 ",Cis  white male,5,San Francisco,"Writing broadcast scripts, editing video, making graphics, pitching reporter stories, fill in producing hour streaming news broadcasts, being in charge of hourly wheel for replay of 24 hour cycle",
Digital Line Producer,CBS News - KPIX,"$85,000 ",Cis  white male,5,San Francisco,"Stacking live hour streaming news show, writing scripts, editing video, leading associate producers, directors and talent, boothing live show, coordinating live updates and breaking news",
Managing Editor,Center for Sustainable Journalism,"53,486",Female white,40,"Atlanta, GA","Manage, train team of staff, freelancers. 
Create, assign story ideas in keeping with brand.
Acquire, manage relationships with subject matter experts/columnists.
Oversee social media.
Copy edit, proof content.","Wire service copy editor, newspaper copy editor, wire service business editor, wire service senior news editor."
News reporter,Central Indiana daily newspaper,"$37,440 ",Male / white,3,Indianapolis suburb,,"$38,000 as editor of a small-town daily; $14/hour as reporter for a group of weeklies"
Reporter,Chalkbeat,"$75,000 ",cis white female,10,Chicago,write daily and investigative stories about education; assist with weekly newsletter; take photos,"$55,000 as investigative reporter at The Chicago Reporter; $42,000 at suburban Chicago Tribune paper"
Staff writer,Charleston City Paper,"$27,500 ",Gay Black/Hispanic male,,Charleston,"Cover all relevant news, politics, and current events across South Carolina ",
Producer,Charter Communications,"49,000",Cis white female,10,Milwaukee,"Select, research and write stories for PM newscast, stack show with reporter content, edit video for stories, headlines and teases","Producer at ABC affiliate, max salary $42,000/year "
Photojournalist,Chattanooga Times Free Press,"35,000",cis white male,9,"Chattanooga, Tennessee","Photograph news, produce video, photograph for publication's magazines.","Hired at 30,000, raise to 35,000 after four years, previously 26,000 as photojournalist at Texarkana Gazette."
Reporter ,Chattanooga Times Free Press,"42,000",cis white female,5,"Chattanooga, Tennessee ","Beat coverage of fourth largest metro area and school district and regional coverage of education in North Georgia, North Alabama, Southeast Tennessee.

Encouraged to shoot photos, newsletter curation, occasional magazine pieces/whole newsroom projects",5 years experiences includes 2 years of grad school
Staff writer,Chattanooga Times Free Press,13.50/hr,female/white,9,"Chattanooga, TN","Writing, proofing","Editor, assistant editor $10.50-$13.50/hr"
Producer,Cheddar,"60,000",Bi white female,2,NYC,"Pitch, write, edit longform social videos ","hired as production assistant at 45k; raise to 50k, promotion to 60k "
Producer,Cheddar,"$65,000 ",CIS White Female,3.5,New York City,"Pitch, write, shoot, edit longform social video (YouTube and Facebook)",
Digital Producer,Cheddar,"50,000",Cis Black Woman,2.5,NYC,website content ,
Producer,Cheddar,74000,Male / White /Cis,8,New York,,
Reporter,Chicago Tribune,"48,000",cis-het white female,6,Chicago,"Cover a major beat; pitch, report and write breaking and enterprise stories","41,000, police/courts reporter in large midwest suburban area"
Senior reporter/Editor,Chicago Tribune,"$62,000 ","Black, cis-female",9,Chicago,I split my time between editing on the Metro desk and education reporting,"$57,000, $49,000, $45,000/ previous titles include reporter and senior reporter"
Account Manager,CitizenNet,70000,"F, African American",3,Los Angeles,"Manage Social Media Advertising for Conde Nast Consumer Marketing, Reporting, ",$70K Project Manager Digital Advertising and Analytics
Social News Producer,CNBC,"$63,000 ",Cis white woman,3,NYC,#NAME?,"Social media producer at Insider Inc.: $54,000"
News Associate,CNBC,"$24/hr + overtime, about $50,000 annually",POC cis female,1,New York City,early graduate rotational program,
"Associate Producer, Animation",CNBC,"260/day rate (annual 63,700)",POC Female,3,NYC,"Producing animations for videos, social branding. ",
VIdeo Producer (PEP),CNBC,$260 per day,white male,4,NYC,"Pitch, produce, shoot and edit videos. ",freelance/fellowships/non-journalism jobs
Senior Reporter,CNET,"75,000",PoC cismale,5,NY,"Investigative reporting, breaking news","Social media editor, 55,000"
Reporter,CNHI,"$33,000 ",cis white female,2,would identify me,Daily news reporter covering my specific towns,"Reporter at a weekly started at $26,000. After 9 months they moved me and gave me a raise to $28,000, and another raise to $30,500 just before I took my current position with a daily."
Editor/GM,CNHI,53000,Cis white straight female,8,North Texas (but rural),"Pretty much everything that happens at a daily, except ad sales or building ads.","Reporter $10/hr and $10.50/hr (2011-12), news editor $30-38k"
Staff Photographer,CNHI Publishing Co.,"$32,500 ",cis white male,8 years,Massachusetts,"Capturing, Editing, Processing, Captioning, photos for daily newspaper. Occasionally creating galleries, and working on more long term projects.",
Editor,CNN,$110000 + bonus,cis white female ,10,NYC,"Writing, editing, news partnerships",
Production Assistant,CNN,"$50,000 ",cis white female,1,NYC,"Editing, producing, filming",
Desk assistant,CNN,"$50,000 ",Cis white male,7,New York City,#NAME?,"Staff Reporter, Local Newspaper (unionized) $41,700"
Associate Writer,CNN,"65,000 plus overtime and bonus",WOC,9,New York,Reporting medium length stories,"News Writer at The Verge, $50,000 no overtime/raise freeze"
Writer,CNN,77500,cis white female,2,New York,"Break news, research, write stories","news assistant in hourly position in d.c.; content marketer (remote) $40,000"
Field Producer,CNN,"110,000",Latinx Female,8,Los Angeles,"Producing live reports, pkgs, writing","Associate Producer, CNN NY: 66k + ~40k in OT  
Researcher, CNN Atlanta: 55k + ~20k in OT"
Producer,CNN,"115,000","Male, White",10,New York,"Produce, Shoot, Edit Digital Video",
Senior Writer,CNN,"$127,000 +bonus",cis white female,16,San Francisco,reporting and writing feature stories and breaking news,"Senior Editor (won't name publication to avoid outing myself); $98,000"
Associate Producer,CNN,51000,cis Asian woman,2,Atlanta,,
News Assistant ,CNN,$18.75 ,Non-binary/white,2,New York City,Newsgathering and producing ,
Writer,CNN,"88,000",White cis male,5,New York,"Writer, segment producer, occasional field producer for breaking news and special events",
Associate Producer,CNN,"60,000 plus overtime",cis male,1,New York,"Writing scripts, gathering elements, other show related tasks",Interned for the team I now work for which allowed me to move into this position faster than what is probably usual
Producer,CNN,"$100,000 + bonus",White male,10,NY,Edit video ,
Field Producer,CNN,88000,White female,10,New York,Longform field producing,
Assignment Editor,CNN,"81,000","cis, African-American woman",13,"Washington, DC","disseminate editorial information, gather editorial information, liveshot producer","Assignment Editor/$47,000, Associate Producer/50,000"
Content Producer,CNN,79000,Cos white female ,13,ATLANTA ,"Cut video, write scripts, social media production, copy editing, live broadcast coordination","Senior Producer, Executive Producer"
Associate Producer,CNN,"63,000",cis white woman,4,New York,,
Senior Producer,CNN,"135,000 + 10% bonus",cis white mail,7,New York City,"Shoot, Produce, Edit",
Associate Producer,"CNN (Digital, non-video)","$62,400 ","Female, Hispanic",4,New York,"Editing text, liaison with video teams, writing",
Video Producer,CNN (Great Big Story),"$95,000 ",cis female white,7,NYC,"story pitching, producing, shooting, editing",
Viral news editor,CNN Business,"$76,000 ",Woman / Asian American,9,"New York, NY","Audience engagement, social media publishing, social media discovery, managing desktop/mobile/app homepage, packaging stories for web presentation (including SEO), consulting on all things digital",$50k/social media coordinator at local newspaper
Video Producer,College Athletics,"$53,000 ",,4,San Francisco Bay Area,Shoot & edit promotional video content for a power five university’s athletic program,"$42,000 at a small ad agency in a medium size Midwest city creating video & photo for clients"
Photojournalist,College Student Newspaper,0,Cis male asian,3,,Photo,
Reporter,Colorado Public Radio,"$55,000 ",Bi Cis Latina ,5,"Denver, CO","Gather and report news, produce stories",$39k at smaller NPR affiliate; $31k at a biz journal.
DIgital Producer,Colorado Public Radio,"$41,600 ",queer cis white woman,3,"Denver, CO",Produce stories for web. Edit and rewrite radio scripts for digital copy. Take and edit photos. Create graphics. Manage homepage. Schedule social. Write breaking news/weather/etc briefs.,"YourHub local news reporter @ Denver Post - $30,000"
Reporter,Colorado Public Radio,45000,Cis Bi Mixed Latina,4,Denver,General assignment reporting and producing as well as some beat reporting,Freelance reporter
Managing Editor,Colossal,"$54,500 ","Female, white",8,Brooklyn,"Running the entire company in addition to pitching and writing 3 articles a day, social media 12x a day, curating half the site, managing freelancers, lead on all marketing and special project management.",
Journalist,Columbia Radio,"$2,500 ",Female,22,San Jose,Locucion,
Senior Producer,Comcast NBC Universal,"80,000",Male,8,"Los Angeles, CA","Produce television segments for live, daily TV show","Segment producer 70,000, Associate Producer 56,000"
Senior copy editor,Common Sense,"$76,000 ","Cisgender female, white",25,"San Francisco, CA","Copy editing, content editing, upkeep/update two style guides, research & collaborate to create DEI entries for house style guide, writing movie scripts, fact-checking, proofreading, collaborate with senior copywriter/brand strategist on brand/branding, ""sensitivity"" reading, member of DEI Core Team, oversee two contractors, advise one co-worker",
Production Supervisor Community Relations,Community Access TV midwest,50k plus 401k and full medical benefits ,Male,20,Midwest ,Supervise all video production ,Free lance 120k 
Social Media Editor,Community county newspaper,"$40,000 ","Genderqueer, white ",2,Greater Pittsburgh Area,"Posting to social media on various platforms, editing videos, creating podcasts, post breaking news, help with website and general tech questions. Editing, some reporting, video capture and editing, along with photography when needed.",
Reporter,Community Media Group,"$28,000 ",cis-het white male,entry level,Central PA,"Covering borough council, school boards, crime, fundraisers. Quota of four stories each day (lol)","Internship at a daily newspaper, student newspaper experience."
Freelance Photographer,Community News Group,$35-45 per story,n/a,4,NYC,Photographer,
Staff Reporter,"Community News Group, now Schneps Media","$35,000 ",cis bisexual poc female,2,NYC,"Write, research, report; take photos for print quality; attend meetings, protests, hearings; manage social media; other editorial duties as needed ",
Senior community editor,Community News Service,"$40,000 ",white cis woman,9,NJ,"The sole editor of three monthly newspapers, so I'm responsible for just under 100 pages of content a month; reporting/writing news, features, web stories; photography, assigning and editing stories, newspaper layout, uploading print stories to the web, basically being an expert on the towns I cover; was doing all of this at one point while also managing and doing data entry for our massive events database","Editorial assistant, $10/hr; sports editor, $12/hr; community editor, $32,000-$35,000"
"Freelance Editor (Marketing Team, Full-Time)",Complex Media,$28/hr (benefits offered but not currently partaking),Cis white woman,2,NYC,Creating + updating content advertised on third-party sites to drive traffic to website,"Freelance Managing SEO Editor, Full-Time (2018-2019) — $20/hr then $25/hr (was not given the opportunity to negotiate my own raise; benefits offered but did not partake), Pop Culture Intern, Part-Time (2017) — $15/hr at 2 days/week (no benefits offered) "
Section editor,Conde Nast,"$63,000 ",cis white female,4.5,NYC,"Daily news, editing and writing, managing freelancers","Started at $60k, raise after 1 year"
senior digital editor,Conde Nast,"$75,000 ",cis white female,15 years of experience ,,Editing and assigning reported pieces and personal essays,
Assistant Editorial Producer,Conde Nast,"$45,000 base, ~$55k with overtime",cis white femaile,5 years FT,NYC,"producing and editing a weekly podcast. writing, editing, building articles in the CMS. sending daily newsletters. assisting with vairous editorial tasks (calling in products to shoot, event planning, pitching ideas, etc.)","$28k + overtime as a starting point at the same company as an assistant to an EIC, increasing over the next 5 years until now"
Assistant Editor,Conde Nast,"$50,000 base, ~$60K w/ overtime",Cis white female,"2 years FT, 2 years freelance (in college)",NYC,"Writing, editing, and building articles in CMS. Writing, editing and building newsletters. Assisting senior editor with workflow. Planning photoshoots. Planning events. Occasional social media (IG story event coverage, posting articles on FB/Twitter)","$40K (~$50K w/ overtime) as editorial assistant for same brand, $15 hourly at Refinery29 "
Associate Editor,Conde Nast,"$50,000 ",Cis white female,4,NYC,Writing and editing for print magazine,"Assistant Editor (Boston area), $35k
Editor (Boston area), $42k"
Senior Visuals Editor,Conde Nast,"80,000","Male, White",14,New York,Researching and licensing images for multiple titles and projects. Liaising with photographers agents and studios.  Understanding and making decisions regarding copyright. Managing monthly/project budgets. Misc. data admin and file management. Training and leading new members of the team. ,71K - Senior Visuals Editor; 65K Visuals Editor
Senior editor,Conde Nast,"$90,000 ",cis white female,5,NYC,Editing features and FOB section,
editorial director,conde nast,245k,female,18,new york,"directing editorial team of 4+ people to produce print and integrated products on behalf of in-house brands, as well as branded content",175k + guaranteed bonus for similar role at Time Inc. 
social media editor,conde nast,"$44,000 ",trans white man,2,NYC,"posting to accounts, producing instagram stories, live coverage, working with reporters, etc. ",n/a
Digital Editor ,Conde Nast,"75,000",cis white female,7,NYC,Write and edit news and beauty features ,
Fact Checker,Conde Nast,"69,500",Cis-het black male,5,New York,Fact-checking articles and public-facing copy,
Culture Writer,Conde Nast,70K/year,white cis female ,4,NYC,"covering books, tv, pop culture news, etc, 2-3 news stories daily plus several longer features weekly","Assistant Editor @ VICE, 58K (union salary tier minimum)
Writer @ LAist, salaried weekly but approx. 35K annually"
Reporter,Conde Nast,"100,000",Cis white female,8,New York,Reporting and writing stories,Previous reporting job 50k and then 55k. Started current job at 75k
Senior Editor,Conde Nast,"$60,000 ",Male,15,Washington DC,,
Digital Editor,Conde Nast,"77,500",cis white woman,6,New York,"editing, managing freelancers, some administrative duties, occasional writing","75k in this role before slight bump, before this freelance and around 65k, before that 45k as associate editor"
Assistant Editor,Conde Nast,"42,000 +OT",cis female POC,3,New York,,"editorial assistant at $35k for the same brand; raise one year after to $37,500"
Editor-at-large,Conde Nast,"$120,000 ",F/W,,New York,,
Senior Editor,Conde Nast,"$90,000 ",Cis white female,5,New York City,"Editing, assigning, managing full-time and freelance writers",
staff writer,conde nast,95000,cis white female,8,new york,reporting and writing,"vice deputy editor, 100k"
Staff Writer,Conde Nast,80000,cis white male,6,NYC,,
Associate Editor,Conde Nast,"70,000",cis asian male,5,New York,Editing,
Senior Photo Editor,Conde Nast,100000,Male / Hispanic,10,NYC,,
[tech] editor,Conde Nast,"$80,000 ","white cis female, queer",12,San Francisco,"write 2-3 articles a week, produce/write a weekly newsletter, on-stage events/interviews","Tech Reporter, $80k, Style reporter (newspaper) $37k"
Reporter,Condé Nast,"$75,000 ","cis white female
",9,remote,daily news and enterprise reporting,
Contributing editor,Condé Nast,$38 hour,Cis white male,8,NYC,"Writing daily items, pitching features, top editing staff, managing and assigning to freelancers",
Reporter,Condé Nast,"$85,000 ",cis white female,9,Remote,"Daily news, enterprise, and feature reporting","2012-2013, reporter, $50,000
2013-2018, content editor, $65,000-$72,000
2018-2019, reporter, $72,000-$74,000"
Editorial Assistant ,Condé Nast,Full time Freelance/$15 an hour ,White Cis Female ,2,New York ,,
Audio Producer,Condé Nast,"62,000",cis white woman,5,New York,"Booking, recording, and editing one weekly podcast and two monthly podcasts.","Web Producer: 59,000"
Staff Writer,Condé Nast,"$75,000 ",cis queer woman / east asian,4,NYC,"pitching, researching, reporting, writing, pulling art, building stories (news stories, reported essays, longer features, cover stories, etc.)","was previously a Staff Writer at another condé nast pub for ~38,000"
Producer,Condé Nast,"78,000","Female, CIS, South Asian",2.5,New York City,Video Producer,"Digital Producer, Associate Producer"
Digital Designer,Condé Nast,"60,000",Female / Asian,2,NYC,"Web design, animation, marketing design for Condé Nast's brands' digital fronts",
Senior Social Manager,Condé Nast,"75,000",cis white male,,New York City,,
Associate Director Brand Marketing,Condé Nast,"$90,000 ",White woman,6,"New York, NY",Ideating / creating program proposals for potential advertisers across multiple brands ,Client side marketing ($65k-$115k)
Editorial Assistant/Executive Assistant to the Editor-in-Chief,Condé Nast,"40,000+ overtime","Female, White",1,"New York, NY","Administrative tasks (expenses, answering phones, calendar management, beauty/fitness closet management, running meetings, handling office parties and birthdays), reporting, writing articles, writing social copy for Snapchat and Instagram, building articles, pitching","First full-time job after 6 media-related internships in college. 3/6 internships unpaid, 2/6 $15/hr, 1/6 permalance $15/hr no overtime"
Director of audience development ,Condé Nast,130k,White cis woman ,8,New York,,
Assistant Editor,Condé Nast,"$35,000 + OT",Queer Latinx cis woman,0,NYC,"Edit reported pieces, research, and administrative duties like processing forms and expenses (no calendaring)",
Features Editor,Conde Nast ,"100,000",Queer Cis Woman-White,10,NYC,"Conceptualize, assign, and edit feature-length health and science pieces (8/week); write weekly; work w/ social media team to promote vertical; attend pitch/brainstorm meetings; work with video and photo teams on packaging; etc. ","Senior Ed at Gawker, Senior Ed at Daily Beast, Freelance (49K, 55K, Varied) "
Executive Assistant ,Conde Nast ,35K,cis-het black womxn,2.5,New York ,"Manages the calendar of the EIC, arranges travel reservations (booking flights, cars, and hotels), answers phone, handles all incoming and outgoing mail, takes thorough notes and helps prepare EIC for meetings and events and podcasts, runs personal errands, arranges copying, faxing mail and a variety of other messenger services, maintains centralized contact lists, reports, records and spreadsheets, processes expense reports, reserves conference rooms, schedules staff-wide meetings, keeps office space tidy and organized, and coordinates catering services and team events, contributes editorially (building weekly newsletters and writing for the mag), manages relationships between staff members and external partners and industry influencers, advises and leads diversity and inclusion efforts at the brand, fosters productive working relationships with staff members and assists with various projects as necessary and a whole lot more. 
",
Marketing Manager ,Conde Nast ,"90,000",Female / White ,5,New York ,Pre-sale marketing,
Account Director - Team Lead,Conde Nast - Advertising Agency - Ad tech,92000 + potential company performance bonus,cis-female white,6,Los Angeles,"Search for trends in the data for clients, manage the requests from the client's upper management, oversee the strategy and/or operations of 2 teams, work with product management team, help manage international teams of 2-8 people, monitor the launch and performance of digital campaigns, certified in Facebook Blueprint, Twitter, and Snapchat","Media Supervisor: $75K
Analyst: $60K
Campaign Manager: $50K
Marketing Associate and Freelancer: $8-$24 per hour"
Associate Editor,Conservative news website,55000,White cis male,14,Washington DC,Write and edit copy,58000/Associate Managing Editor
Reporter,Consumer Reports,"$95,000 ",cis white male,10 years,Yonkers,product reviews and enterprise reporting,
Multimedia Content Creator (Union),Consumer Reports,"$102,000 ",cis-het white male,10+ years,NY-DC-CT,,
Senior Editor,Consumer Reports,"150,000",Female/white,25,Yonkers,,
Creative Director,content agency ,"110,000",Female/Causcasian,10,smaller Southern city,"managing small team, leading content development, editing copy for print and digital",
Senior Editor,Content Marketing Agency,"$81,500 ",cis white male,15,"Remote, formerly Washington DC","Manage posting, writing, content management, deal with editorial client on news outlet, long-term strategy. Between 10-15 stories per week","Previous: Newspaper design at four separate outlets, locations vary ($36k-$44k)

Current: Freelance work (varies, $200-$1000 per piece depending on outlet), side project ($1k per month)"
Director of Editorial,Content marketing company,"$70,000 ",White female,4,California,"Oversee three editors and a handful of clients, edit articles, hire freelancers, post to CMS","$40K as a communications coordinator at a church, EIC of college paper"
Digital Marketing Strategist,Cotton & Company,"50,000",f,20,"Stuart, Florida","Oversee digital campaigns, create strategies, ad tech, social media, programmatic, data analysis & reporting for luxury real estate developments world-wide",
Producer,COX Media,"$64,000 ",cis white female ,7 years,Atlanta,writer and producer ,"Started at $30,000 in CA as a producer"
Digital writer,Cox Media Group,"$54,500 ",Cisgender female/African American,4,Atlanta,"Monitor and report on breaking news, viral and trending news, severe weather, photo galleries, politics, entertainment for company's local sites on a national level. ",
Reporter,CQ Roll Call,"$48,000 ",Cis White Male,2,"Washington, DC",,Freelancer
Congressional Reporter,CQ Roll Call,"80,000",Male / White,5,DC,Cover Congress with specific policy focus,
Assistant Managing Editor,Crain’s,"$105,000 ",,15,New York,,
Creative Project Manager,Creative Agency,81000,"Female, African American",5,NYC,,
Técnico Superior en Comunicación,CSIC,17.000 euros,hombre,1,Valencia (España),,Periodismo y Máster en Comunicación
Staff Writer,Culture Trip,"58,000",cis female,3,NYC,"reporting, editing, copyediting, picture research, lead editorial franchises & travel for on-site reporting",
Reporter,Daily newspaper,"28,080",Cis white female,2,Alabama,"Multiple beats and features for newspaper and side publications (five at last count), photography for that plus two more publications, copy editing, online presence management, obituaries, customer service calls, and probably several other duties I'm forgetting","Editor at my college paper, unpaid intern at a magazine. This is my first job after college and will likely be my last in this field if I can't find a way to do what I love AND pay the bills"
Photo editor,Daily Racing Form,"62,000",hetero white male,18,"New York, NY","Coordinate coverage with photographers; research and select photos for digital, social, print, and video; add images to online stories; produce slideshows; graphic design; print page design; manage Instagram; digital asset management","staff photographer, copy editor/page designer, production editor"
Reporter,DailyMail.com and DailyMailTV,"$65,000 ",White cis female ,25,"New York, NY ","Rewriting and formatting five stories a shift for the aggregate site, while also fronting a series of TV and web hits. Shifts are swing shifts staring at 8am until 5:30pm and, on rotating weeks, starting at 5pm and leaving past 2am. ","Senior News Director, Assignment Manager, Senior Reporter: $97k, $85k and $80 respectively "
Local Reporter,Dallas Morning News ,"47,500",Female,12,"Dallas, TX",Writing,
Copywriter & Graphic Designer,Damonaz Design,"48,500",Female - White,16,"Phoenix, AZ","Writing, Design, SEO, Wordpress, Marketing, Social Media",Head of Marketing for a Vitamin Company $45000
Sports journalist,Deadspin,One chicken sandwich per week,cis-white misogynist (reformed),3,NYC,Covering political news,
Assistant Editor,Del Val Media ,"$26,000 ","Female, White",1,"Marlton, NJ","write blurbs and articles, research information, head of interns, assist all editors ",Right out of college
Digital Producer ,Detroit Free Press,"$42,000 ",Cis-het woman / Black,2,Detroit ,"Social Media Management, Homepage management, editing, writing, engagement ",intern NYT $30/HR
Marketing Associate,Diamond Comic Distributors,41500,Male/White,12,"Hunt Valley, MD","Copywriter, Press Release writer, Publication Editor","Began at 24k before the recession, and there have been two pay freezes since. (Last raise was in 2016.) Title has not changed, as there's no opportunity for growth. Workload has increased, staffing has not."
Reporter,Digital First Media,$16.25/hr,Female/White,10,Chico,City reporter. Often required to take my own photos.,"Previously: Regional business magazine associate editor at $22/hr, Currently freelancing for $50-100+ an article/.50-.60 cents per word."
Page designer,Digital First Media,"38,000",Cis white female,7,Colorado,Page design and copy editing for multiple publications ,
Reporter,Digital First Media,27K,White cis woman,4,California,Daily and enterprise reporter ,60K in DC
Editor in Chief,Digital First Media (DFM),"$375,000 ","Male, Caucasian",20,Multiple,,
Editor in Chief,digital media company,200000,Mixed race woman,22,NYC,Oversee an online publication with a staff of six,
Senior editor ,Digital media publication,95000,,2,NY,Managing all online content. content strategy,"Senior writer 50,000"
Editor in Chief,Digital-first trade publication,"$150,000 ",Cis White Female,15,NYC,Lead editorial team and content strategy; partner with sales team to develop sponsored content programs,"Digital Editorial Director, $150,000"
Digital and Social Media Producer/Editor,Discovery Communications,"$77,000 ",Female,10,NYC,"Research, pitch, produce, and edit companion social-first videos for a television network.","$70,000 Junior Shooter/Editor"
Executive Producer,Disney,"$77,000 ",Straight Female,6,"Fresno, CA",,
Commerce Editor,Dotdash,"$75,000 ",cis white male,"5+ years writing/editing experience
1.5 years FT",NYC,"Manage and hire team members, write articles, edit content submitted by freelance writers","$25/news article, $150/feature - freelance tech reporter
$2,400/month - contract editor
$51,000 - tester/reviewer
$60,000 - commerce writer"
Editor,Dotdash,"$80,000 ",PoC male,7+ years of writing/editing,NYC,"Managing freelancers, assignments, and editing copy","-$39,000 tech reporter 0-3 years
-$50,000 tech reporter 3-6 years"
Editor,Dotdash,"$80,000 ",cis white male,10+ years of writing/editing,NYC,"Managing freelancers, assignments, and editing copy","-Freelancer, $100-$550/feature
-Senior Writer at Future PLC: $60,000"
Associate Editor,Dotdash,"$60,000 ",White Cis Female,4,NYC,,
Editorial Director,Dotdash,"$115,000 + 15% annual bonus",Female / White,7,New York,"Overseeing all editorial workflows, from assigning, recruiting writers, managing junior editors, etc. ",
Senior editor,DotDash,82500,White cis male,4,New York,"Assign/edit special projects, write/edit/post articles, lead ideation for special projects and sales initiatives; managed 2 f/t staff",
Senior Editor,Dotdash,"130,000",Female / White ,25,New York,"Editorial calendar, research, editing, writing, social media, public engagements ","Editor, contributing editor, contributing writer, freelance journalist"
Associate Editor,Dotdash,"60,000",cis female ,3,New York,write + edit for all sections on the site ,"Editor (Boston area) $42,000"
Content Producer,Dotdash,"$58,000 ",Prefer not to answer,20,,,"Starting Salary: $52,000"
reporter,Dow Jones Newswires/WSJ,"€ 28,000",cis white male ,3,Spain,business and financial news beat reporter for newswires and paper ,
MMJ,Draper Media,"$35,000 ",White Male,1,Delmarva,"Write, shoot, edit all my own stuff and hit a 5pm deadline everyday ","Production Assistant at Fox in Philly, hourly pay part time"
PR Manager,DTC brand,"85,000",Female,4,NYC,Lead consumer & corporate PR in-house ,senior associate
Associate Editor,Dwell Magazine,45000,cis white female,2,San Francisco,,Editorial Assistant - 40000
Associate news producer,E.W. Scripps affiliate TV station,"$40,000 ",white female,0,Midwest,Produce morning newscasts,
Lifestyle Editor,Eagle Media,"34,100",Female/Caucasian ,5.5,"Seneca, SC","Best reporting, special projects, feature story assignment, basic newsroom management ","28,000 - 32,100 - current"
Copy editor ,Editorial Perfil,6500,Female/white,15,Argentina,"Proofreading, copy editing ",
Reporter,EdSurge,"67,500",cis het-white female,3,Remote,,
Data Reporter,El Financiero,"17,000 pesos (877.9 USD)",Female,6,México,"covering business beats, search and data analysis, graphics, reporting, writing	","Data reporter, other media 12,000 pesos (619.9 USD)
Web co-editor, other media 10,000 pesos (516.6 USD)
Radio sports reporter, state press 7,000 pesos (361.6 USD)"
Periodista,El Universo,$ 12.000 anuales,,15,Guayaquil,,
Visual journalist - supervisor,Employee-owner paper,47500,White cis female,12,Iowa,"Photography, management of photo department ",41000 - photojournalist
Associate Podcast Producer,Endeavor,$325/a day,Queer / Black,3,The Bronx,"Writing preps & scripts, booking guests, cutting tape",
Senior Editor,Engadget,"$76,000 ",cis white male,9 years in industry / 5 years at Engadget come March,SF,"produce 2 columns a week, produce 2 feature length (1600-2000 word) stories a week, at-need conference/event coverage (ie CES, GDC, E3)","unpaid intern, Editorial Assistant, Night Editor, Staff Writer, Associate Editor - I think I was making around $35K - 40K when I was an EA, bumped up to around $55K - 60K by the time I left my last outlet, started at Engadget at ~$60k  "
Commercial Production-News Radio ,Entercom,"$45,000 ",,,,,
Director of Audience Development,Entercom,"$110,000 + $20,000 bonus",Female / Asian,9,"New York, NY",Manage audience acquisition across distribution platforms and partners; support stakeholders with business insights and reporting; business development partnerships,$90K as Senior Manager of Aud Dev
Journalist / Host,Entercom,"55,000",Cis Gay Black Male,18,Los Angeles,"Hosting, assisting in producing, booking",
Associate Editor,Entertainment website,55000,"cis female, Middle Eastern",8,Los Angeles,"Breaking news coverage, social media posts, writing and editing articles, SEO for articles","Lead editor at lifestyle website - 55,000
Copywriter - 65,000 at a startup, then 85,000 at a large brand
Lead editor at pop culture website under Meredith  - 75,000"
Editor in Chief,Enthusiast Magazine,"90,000",While Male,11,Midwest,Oversee all print and digital content and products,
Associate Editor,Euclid Media,"$36,000 ",Male/White,6,Florida,"Writing, editing, layout, web, data entry, pitching, assigning",
Breaking news reporter,Evening Post Industries,"$40,000 ",white-passing latina,2,SC,"Local courts and crime, state-wide breaking news, plus weekly and monthly features","$35,000 fellow at A.H. Belo"
Managing editor,Family-owned,"47,250",cis male,7,Iowa,"I help oversee multiple newspapers, cover meetings, write stories, manage staff and act as the company's digital editor.","Business writer, staff writer, staff writer"
Website Producer,Family-owned newspaper,"32,000",Cis white female,1,Pennsylvania,,
Staff Writer,Family-owned newspaper,"33,150",White cis woman,2,California,"Reporting news, writing features, copy editing",
Assistant editor,Farm Bureau,"$55,000 ",Female/White,6,"Sacramento, CA","Editing, writing","Managing editor, $42,500"
Senior Reporter,fashion site,"$105,000 ",white cis woman,10,NYC ,"write news, reported features. ",
Editorial Assistant,Fast Company,"$35,000 ",Cis white female,"0-1, entry level",NYC,"writing, transcribing, some editing, fact checking",
Reporter,Fast Company,65000,Cis white male,8,"New York, NY",Writing and editing content,
Staff editor,Fast Company,"$77,000 ",Cis white woman,4,NYC,deputy editor of a section,
Reporter,Fayetteville Observer,"$41,000 ",Female / White,9,"Fayetteville, NC",Reporter,"36,000 reporter in Pittsburgh, 24,000 reporter in York, PA, $11/hour reporter in Lorain, OH"
Staff Writer/Associate Editor,FCW/1105 Media Inc.,"$48,000 ",GNC white AFAB ,1,DC,Writing/Reporting/Editing,
Journalist,Financial media company ,"$21,400 ",Cis white female,5,"Madrid, Spain",,"$46,000 Banking reporter, S&P Global, Washington D.C. "
Reporter,Financial Times,"$72,500 ",Female,8,"New York, NY","Report, interview, write, research corporate governance full-length features weekly ","Associate editor, $50,000"
Editor / Animator,Finishing House,"$105,000 ",Cis White Male,8,Washington DC,"Editor, Motion GFX, Graphic Design, Finishing",
Staff reporter,Forbes,"$50,500 ",White ciswoman,4,San Francisco,"Reporting features, writing online stories, research for net worth lists",Hired for the role at $40K
Content Partnerships Coordinator,"Forbes Media, LLC.","60,000",Female/African American,2,New York City,,
Marketing Coordinator,Foreign Affairs,"49,000",Cis-Female-Caucasian,3,New York City,Create and execute customer subscription campaigns,Customer Experience Specialist at 65K/yr
Reporter/Copy editor,Forum Communications,$15.92 ,WF,20,Minnesota,"Writing, photography","Reporter, Copy desker"
Producer,Fox News,68000,Male,7,New York,,
Producer,Fox News,63000,Female/white,3,,,
Senior Editor,Fox Sports,"$55,000 ",White Male,12,Australia,"Online/Offline Editing, feature editing, line producing, staff training",
Journalist,France 24,"34,000 euros/year","Female, caucasian",25,Paris,,
Assistant Editor,Freeform,$2100/week,Female,3,Los Angeles,"Organize and group dailies, import and organize music and Sfx, exporting cuts, creating continuities and music lists, tracking ADR, prepping and exporting turnovers","Editor - $2250/week, Assistant Editor (reality TV) - $1200/week, Post PA - $800/week"
Community reporter,Freelance,"$19,000/year (but wildly variable)",Female/white,29,Michigan,"Reporting, writing, photography, cross-platform media promotion","Editor of a weekly, reporter, layout/copy editor"
Video editor and motion graphics,freelance,"165,000",cis white female,20,"Washington, DC","Working on site or remote, I edit, do motion graphics and color grade. Often act as a producer editor. Political spots, non-profits, NGOs, scientific content. Almost all short form.","Starting out as a freelancer 10 years ago, raked in about $110K a year. Before then salaried position was $45K (barf). All in the DC area."
Freelance Reporter,Freelance,"$60,000 (3/4 time)","Cis, het, white female",17,CO,"self-employed reporter, writer, and editor; research, report and write news and feature articles for mainstream news outlets and niche publications; business manager and keeper of all domestic knowledge, too","Always self-employed; salary has ranged from $72,000 (full-time) to $40,000 (half-time)"
Writer,Freelance,"66,000",Cis white female,15,Oregon ,Writing for magazines and online + public speaking,"Average around 5,000 a month for past five years"
Writer,Freelance,"$125,000 ",Male/White,18,Colorado,"Source leads, edit photos and video, write and proof copy.",Always freelance
Writer and editor,Freelance,"42,000",Cis/het/white female,20,Midwest,Writing feature articles for national media outlets,Over 20 years my FT freelance income has ranged from <30K to (rarely) more than $50K. It has not been a steady upward trend.
Copy Editor,Freelance,"$20,000 ",CIS female/white,40,Florida,"copywriting, ghostwriting, blogging, social media updates, rewriting press releases","Adjunct professor $25k/yr; Proofreader, $10k/yr (1980s)"
Reporter,Freelance,"24,000",cis white female,4,International,Reporting/writing on conflict and human rights for major international publications,
Reporter,Freelance,"100,000",female/white,8,nyc,"pitching, reporting, writing, editing, podcasting, photographing - and negotiating ",
Writer/Editor,Freelance,"$40,000 ",Male/White,19,New York,"Feature writing, reporting, editing for various outlets","Several stints as Editor in Chief, Managing Editor, etc. for different outlets. Top annual salary around $60K."
Writer• Editor / PR•Marketing,Freelance,$65-$125 / hour,"Gay male, longtime out activist",40,New England,"Write and edit internal and external public relations, marketing, development, and general communications for health care, real estate, non-profit and media clients. Occasional mainstream features writer. ","Co-publisher, nonprofit executive"
Assistant Video Editor,Freelance,400-500/day,"Male, white Jewish immigrant",4,San Francisco Bay Area,"Project prep, media management, pull selects, create rough cuts, music/archival research, captions, prep for color & mix, conform, visual cleanup, tech support, sometimes see edits from start to finish",
Healthcare Journalist,Freelance,"$120,000-$140,000 (varies from year to year)",Cis White Male,30,Southern California,Editor/Reporter for various publications,
Reporter,Freelance,80K,male,3,"Oakland, CA","Reporting, breaking news and feature length. Editing. Newsletter production. Web production.",
Freelance Writer & Editor,Freelance ,135000,Cis Asian Woman,19,New York,,Senior Editor 145000
Senior Social Strategist,Fullscreen,85000,cis white male,4,Los Angeles,new business development and media strategy,
Associate Director,Fullscreen,75000,Cis White Female,6,Los Angeles,"Write strategy, manage a team, works remotely",Senior Manager 65K
Associate Editor,Future,"58,500",Nonbinary/White,5,New York City,"Editing, writing, e-commerce, social media",
Contributor / writer / Photographer,Future ,£200 per submission in photos,Cis white male.,2,UK,Covering events / feature writing,None in relevant media background.
Social Media Editor,Future Media,"75,000",Male / Cis / Black ,12,"New York, NY","Advise the editorial teams of 4 online publications/brands on social media best practices, strategies; Track/report growth on platforms for each brand; Attend events with edit teams to help build out coverage on platforms; Cover events on Twitter during live presentations; Advise video team on projects for YouTube and Instagram","Factchecker, $28/hour;  Web Producer, $48K/year;  Staff Writer, 50K;  Senior Web Producer, 55K;  Production Director (editorial coordinator), 65K"
Staff Editor,Future plc company,"$57,500 ",cis white woman,8,Los Angeles,"Copyediting all articles and making sure they adhere to style and formatting guidelines, running the small team of editors we have, working to fix our editing process structurally, helping with coverage, writing where needed",
Staff reporter,Futurism,"$55,000 + likely $5,000 bonus",White cis/het male,1.5,NYC,Mixed bag of news blogging and reporting,"Brought on at $150/day for two stories, then hired at $45k and given two $5k raises over time to reach current salary. ""experience"" column is for this specific job -- previous experience includes freelance work and hourly media internships/contract gigs."
Associate social media editor,Futurism,"$50,000 ",cis white female,1,New York,"Managing social media accounts with millions of followers, distributing flow of daily articles and design content across platforms, copy editing blogs, optimizing seo and meta data, compiling and managing daily newsletter, assisting publisher and marketing department with sponsored campaigns, moderating audience across platforms, increasing audience engagement, data analytics & analysis, pitching & writing blogs, designing social visual assets, among other tasks.","~$10-15/hr at four to five other paid media internships in magazines, marketing, and book publishing."
Senior Editor,G/O Media,"$80,000 ",,10+,NY-HQ,#NAME?,
Staff writer,G/O Media,"65,000",cis white female,10,NY,"reporting, researching, writing",
social media editor,g/o media,"64,000",cis white woman,3,"New York, NY",manages all social for a large site multiple distinct verticals,
Editor-in-chief,G/O Media,"$150,000 ",Cis het white male,14,New York,,
Staff Writer,G/O Media,"68,000",white male,4,NYC,Daily blogs plus reported features,
"Editor, Staff Writer",G/O Media,"68,000",Cis-bi white female,7,NYC,,"News writer, producer"
Staff Writer,G/O Media,"$85,000 ",cis-het white male,13,NYC,"Reporting, writing, video and podcast appearances, some video writing","editor, writer, marketer, video producer; salaries ranging 30k-100k"
Social Media Editor,G/O Media,"$64,000 ","Cis-male, white",4,NYC,"Manage posting across multiple social channels, newsletter organization","Staff writer, 50k"
Reporter,G/O Media,"77,000",White cis woman,8,NYC,,
senior reporter,G/O Media,"82,000",cis white woman,5,New York,write 5 articles a week/bimonthly reported features,
Senior Reporter,G/O Media,"$72,000 ",Cis male/ White,6,New York,,
Managing Editor,G/O Media,"$84,000 ",cis het white female,10,NYC,Editing and assigning stories; managing freelance budget; assigning and editing freelance; managing editorial calendar,Managing Editor; Senior Editor; Associate Editor; Assistant Editor
Staff writer,G/O Media,"65,000",Cis-het black woman,6,New York City,"Reporting, writing, researching, blogging",Permalancer at teen girl/women’s interest sites making $45-50 per article
Staff Writer,G/O Media,"$58,000 ",cis bi black woman,3,NYC,"2-3 daily blogs/news post, plus longer reported features",
Staff writer,G/O Media,"65,000 (+3% annual raise per union contract)",Cis-het black woman,6,New York City,"Reporting, writing, researching, blogging",Permalancer at teen girl/women’s interest sites making $45-50 per article
Deputy Editor,G/O Media,"95,000",Cishet White Male,10,New York,"Basically keeping everything running behind the scenes, editing both features and short posts, working with freelancers, maintaining budgets, coordinating video",
Staff writer,G/O Media,"$68,000 ",cis-bi latina,5,New York,"1-2 daily blogs, with weekly reported pieces and a couple proper features a month","reporter, associate editor"
Staff Reporter,G/O Media,"$61,800 ",Bi Male / White,7,NYC/DC,"Staff reporter, ran one site on nights/weekends for two years",$52000 at Mic
President and CEO,G/O Media (The Onion),"$500,000 ",Cis white male,14,Chicago,"Strategy and day-to-day operations of The Onion; its sister publication, The A.V. Club; and internet parody site, ClickHole.",Controller; COO; CFO
President and CEO,G/O Media (The Onion),"$500,000 ",Cis white male,14,Chicago,"Strategy and day-to-day operations of The Onion; its sister publication, The A.V. Club; and internet parody site, ClickHole.",Controller; COO; CFO
Reporter,Galveston County Daily News/Southern Newspapers Inc,"31,000",Male/White,8,Galveston,"Writing, interviewing, planning for stories, responsible for writing at least one but typically 2-4 articles and briefs every day.",
Data reporter,Gannett,"$49,000 ","cis white female
",2 years,non-metro area,"graphics, data analysis, web development",
Reporter,Gannett,"39,500","cis female, mixed race",2.5,Arizona,Daily beat reporting,
Reporter,Gannett,63750,cis female/black,8,Tennessee,"reporting and writing a range of dailies and longer enterprise stories, occasional photography","Senior writer -- 52K, staff writer -- 47k, reporter -- 42K, reporter -- 29K"
Digital Producer,Gannett,"$45,000 ",CIS Hispanic woman ,4,Tennessee ,,"$36,000 / Digital producer at Austin, Texas, TV station / annual 3% raise  "
Reporter,Gannett,"$45,000 ",cis white female,7,Louisville,Enterprise/daily reporting,
Print planning producer,Gannett,"$40,000 ",Cis-het white woman,2.5,Kentucky ,"Plan daily newspaper, copy edit, check headlines, some web producing","Part-time at metro daily in Florida while in school ($14/hour), intern at LA Times ($15/hour)"
visual producer,gannett,"35,000",WOC,2,des moines ia,"filming, photographing, video editing, photo editing, video producing, interviewing, reporting ","interning, freelancing"
Wire/copy editor,Gannett,50000,Male,5,Louisville,"Copy edit wire stories, write headline and cutlines",
National Reporter,Gannett,65000,"Woman, white cis, het",10,Remote from mid-size city,Produce data-driven investigations with impact ,"Various local reporting roles $12,000-36,000; statehouse reporter $52,000; projects reporter $40,000"
Reporter,Gannett,"$42,000 ",cisgay white male,15,Midwest,"I am the closest thing to an investigative reporter there is in this mid-sized city. Also business, culture, breaking, some local. Some video, TV appearances. ","FT internships $300/week
National magazine staff writer/editor $26,200
Regional magazine editor in chief $24,000 progressively increased to $42,000
Freelance journalist / Great Recession odd jobs $25,000
Newspaper reporter $33,000 promoted to $42,000
After taxes and student loans, I take home about $18,000"
Reporter,Gannett,"$44,000 ",Cis white female,9,small metro,"report, write, occasional photo/video",
Staff Photographer/Videographer,Gannett,"$18.27/hr/ ~ $38,000/year",Asian male,5,South Carolina,"Covering daily assignments, high school/college sports","$35,000/year"
Reporter,Gannett,"$36,400 ",Cis white female,4,South Carolina ,Daily beat reporting ,
Photographer,Gannett,"36,500",,9,"Phoenix, AZ","Shoot, edit photos and video.",
Reporter,Gannett,"$39,000 ",cis white woman,3,Kentucky,"Beat reporter for a local newspaper, covering local government","Hired as breaking news reporter at $35,000."
Video Producer/Editor,Gannett,"80,000",White Female,5,NYC,"Produce, Shoot and Edit Videos",
Reporter,Gannett,"$47,000 ",cis white male,8,NJ,Beat includes a few statewide issues and a few local municipalities,"Started at $42,000 in 2015 at Gannett. $33,000-$36,000 at local Advance publication "
Reporter,Gannett,"$45,000 ",Cis white female,3,Tennessee,Beat reporter; file 25-30 stories monthly,
Reporter,Gannett,"$40,800 ",cis white male,3,LA metro area,"Write articles for print and online, pitch story ideas, occasionally shoot photos/video to accompany pieces.",Worked part-time on weekends for $15/hr
Producer,Gannett,"$38,000 ",cis black female,10,Phoenix,"Put together and run monthly community events, reporting, write features, columns, marketing, community relations ","Freelance reporter 4 years, staff reporter 5 years. Starting on staff salary $32k/yr in Atlanta, now at $38k/yr in Phoenix."
Reporter,Gannett,"$38,500 ",Female,5,SC,Beat reporting,"$36,000 reporter, before that $28,000 reporter"
Photojournalist,Gannett,"$68,000 ",Hispanic,41,New York,Editorial Stills and Video photography,
Sports reporter,Gannett,"$35,000 ",Male / White,5,U.S. Gulf Coast,"Content Production (articles, photos, videos), Optimization (SEO, Assets, Crops, etc.), Editing, Social Media Management (5 corporate accounts, 1 personal), Section Budgeting, Community Outreach Projects ","$33,500 "
Reporter,Gannett,"$38,500 ",White female,2,Gulf Coast FL,Beat reporter,Hired as intern for $12/hr
Reporter,Gannett,"$36,000 ",Cis white female,2.5,Michigan,"Breaking news, courts, criminal justice, social media, homepage management, push alerts, monitor Facebook comments/messages",$33K as a reporter in Illinois
Photographer/Videographer,Gannett,"$21.37/Hr  $44,449.60/Yr",Male/White,17,New York,"Photograph assignments, edit & publish photos/galleries, shoot, edit & publish videos. ",
Digital Producer,Gannett,"35,000",Female/ Caucasian,1,NJ,,
"Page editor, ""Finisher""",Gannett,16.40/hr,White Cis woman,10,Des Moines,"Light copy-editing, proofreading, story trimming for 2-4 papers/night.",I was making $12-something until a teammate mentioned starting at $15 and I threw a fit. 
Reporter,Gannett,"$18/hour or $38,000",Cis Latina woman,2,Texas,Local education reporting,"Worked for two years as a copy editor/writer at a small daily newspaper (where I made less than $12 an hour after taxes), earned a master's degree in journalism, worked as a fellow for a statewide political magazine ($5,000 stipend for five months)."
Education reporter,Gannett,$17/hour,cis female white ,4,"Iowa City, Iowa","Cover mostly local education issues. Sometimes cover statewide education news. For roughly 1-3 weeks per year, I take over the tasks of another employee, who organizes and creates content for four weekly county newspapers alone. ",local reporter for BH Media in Texas (<$30K/year)
Reporter,Gannett,"$28,600 ",cis white woman,2.5,Iowa  ,"Reports and writes on courts, crime, public safety, breaking news ","freelance video producer, news reporter, graduate student"
Reporter,Gannett,"43,000",Cis female / Asian,4,South,Investigative reporting,"Started at another Gannett paper as a beat reporter, earning $33,800 a year."
General Assignment Reporter,Gannett,"$33,000 ",cis white woman,1,Indiana,"plan, report and write general news for daily paper (2-3 stories daily) in midsize Midwest college town","Previously: 1 unpaid internship, one paid through state journalism association ($12 an hour), experience in college newsroom"
State beat reporter,Gannett,"$65,000 ",White female (cis/het),9,Arizona,"Cover governor, state agencies, legislative issues and the state Supreme Court. Specifically, report/research; develop sources and story ideas; write breaking, daily, mid-term and enterprise stories; get scoops; lead state budget coverage; serve as backup legislative reporter; work elections and provide politics coverage during election lead-up; do regular radio/TV/podcast appearances; maintain advance obituaries for political figures; request and review public records; monitor social media of relevant persons; maintain consistent social media presence; among other responsibilities.","City beat reporter $34k (hourly...raises ranged from 2-6%)
Topical beat reporter $40k (hourly)
Topical beat reporter + part-time breaking news editor $45k
State beat reporter $58k (2 raises)"
Reporter,Gannett,"$65,000 ",White female (cis/het),9,Arizona,"Cover governor, state agencies, legislative issues and the state Supreme Court. Specifically, report/research; develop sources and story ideas; write breaking, daily, mid-term and enterprise stories; get scoops; lead state budget coverage; serve as backup legislative reporter; work elections and provide politics coverage during election lead-up; do regular radio/TV/podcast appearances; maintain advance obituaries for political figures; request and review public records; monitor social media of relevant persons; maintain consistent social media presence; among other responsibilities.","City beat reporter $34k (hourly...raises ranged from 2-6%)
Topical beat reporter $40k (hourly)
Topical beat reporter + part-time breaking news editor $45k
State beat reporter $58k (2 raises)"
Reporter,Gannett,"$44,000 ",Cis Female/White ,4.5,Large metro ,"Mix of longer-term investigative, daily beat reporting ",
Reporter 2 (1-3 classification) in 2018,Gannett,"$48,800 ",White male,12,"Reno, Nev. ","Reporting, photography, videography","Started at $48,000 in 2015. Previously worked as Digital Content Director  for smaller company at same salary. Before that was managing Publishing system for $40,000. Previously a centralized news designer for $15/hour. "
Reporter ,Gannett,"$36,000 ",White male,3,"Reno, Nevada","Breaking news and enterprise reporting. Plus photo, video and drone flying. ",
Reporter,Gannett,"$36,300 ",Hispanic,6,Reno,"I cover breaking news, crime and courts. I also occasionally take my own photos and produce my own videos. I recently obtained my license to fly drones. ",None 
Reporter,Gannett,"44,000",white female,10,Reno,"Reporter; storytelling coach, producer; podcast producer","Started at less than $26K at first newspaper, worked as a city govt. reporter, education reporter, cops and courts reporter, arts and culture reporter"
Features Reporter,Gannett,"35,000",cis white female,5,NJ,,Laid off
Photographer,Gannett,"46,000",hispanic,10,California,photography,
reporter,Gannett,"55,500",male hispanic,7,nyc,cover breaking news/ general assignment ,$55k at daily news paper; $35k at daily paper in Connecticut; $35k at daily paper in Texas
Data reporter,Gannett,43000,Other,9,Florida,"Finding stories in spreadsheets, making charts/maps, some tech support, automating as much work as possible, helping other reporters with data and software",Data reporter at Bankrate: $45K in 2012
reporter,Gannett,"$31,500 ",woman/white,3,midwest ,"breaking news, crime, courts, enterprise, general assignment, photography, videos ","government reporter - $24,000 // unpaid internships"
Business Reporter,Gannett,"$40,000 ",Cis white female,0,Florida,Mix of enterprise and daily beat reporting,"First full time job, still taking college classes, college newspaper and intern experience"
Video Editor,Gannett,"$80,000/yr",Hispanic non presenting,7,Atlanta,Edit/motion graphics,
Enterprise reporter,Gannett ,"$38,250 ",Cis white female,4,"Mid-sized, affordable midwestern city",,
Assignment Editor,Gannett/NorthJersey.com,"$65,000 ",White male,15,New York City Suburbs,Managed about 10 reporters covering enterprise beats at two Gannett papers in two states. Responsible for training new journalists and covering the breaking news team in the afternoons and managed large breaking news events. ,"Assignment Editor (Metro-style beats) $60,000; Staff writer (regional daily): $48,000; Staff writer (regional daily): $45,000, Staff writer (regional daily): $35,000; Staff writer: $26,000 (regional daily); Staff writer (community weekly): $400/wk."
General Assignment Reporter (Features) ,Gannett/USA Today,"35,000",White female,1,Kentucky,,
Staff Photographer,Gannett/USA Today,"$40,000 ",Cis white woman,5,Indiana,produce photos and video for the daily newspaper,"$29,500/Staff photographer/West Virginia newspaper "
Digital Producer I,Gannett/USA Today,"$16.25/hr or $33,800",cis white female,2,"Phoenix, Arizona","Update multiple website homepages, write SEO friendly headlines, look for opportunities to write stories based on search trends, post to multiple social media accounts, edit videos, put together visually compelling digital assets for enterprise projects, package/optimize stories for web and social, send push alerts, help sites with breaking news situations, etc. ",Interned for $10/hr through DJNF program
Digital Producer,Gannett/USA Today,"16.82/hr,   $34, 985 a year",Nonbinary/femme Arab,5,Phoenix,"Work on SEO for news stories for over 30 Gannett properties, post to news site social media accounts, edit stories, edit videos, write stories based on social media and high-search breakout trends/breaking news, send push and text alerts, update homepages, create and apply personalized social media strategies for different regions","various unpaid internships (Killscreen Magazine, Echo Magazine, Balitmore Gamer, etc.), 2 internships for the Arizona Republic (10/hr), internship for World@Work (15/hr), and over 2 years in current position"
editor,Gatehouse,"$38,500 ",cis white male,21,Midwest,,
Online Editor,GateHouse,"$29,500 ",White male,8,Midwest,"Posting stories online/on social media, reporting, photography, copy editing for multiple papers",Copy editor
Reporter,Gatehouse,"$37,000 ",cis white female,3,Florida,"Beat reporting, general assignment, enterprise stories, projects, social media, reporting, writing, photography. ","$30,000 - News assistant
$35,000 - Beat reporter"
Reporter,Gatehouse,"$41,000 ",cis/het white female,3,Florida,beat reporting,"beat reporter for weekly paper in Florida, $33,000"
Copy Editor,GateHouse Media,"$45,000 ","Cis-gender, hetero, white",1,Midwest,"editing stories for print, planning sections, proofreading pages, occasional web producer work",first full-time job out of college
Sports/Education reporter,Gatehouse media,~$27000 after taxes,white male,5,North Carolina,Mixture of beat reporting and sports coverage/features. ,
Reporter,GateHouse Media,"$45,000 ",white female,5,Middle of the country (don't want to be too specific and out myself),"Cover the state Capitol, governor's office and most state agencies","Started as an entry level reporter at a daily BH Media newspaper on the East Coast making $32,500. I left that job making $35,000 after nearly four years and a promotion to covering the state Capitol. Then I had a yearlong stint making $40,000 at another journalism job. "
Digital team,Gatehouse Media,"41,000",Cis White woman,4,,,
Reporter,Gatehouse Media,45000,Cis female / white,10,Pennsylvania,Beat reporting,First reporting job made <$25K
Editor,GateHouse Media,"$57,000 ","Cis female, white",10,Midwest,#NAME?,"Started position three years ago at $55,000"
Reporter,Gatehouse Media,"26,000","Presenting cis, straight white male",1,Florida,Daily news reporting and features writing across two major beats. Editing press releases for publication.,None
"Environment, data reporter",GateHouse Media,"$37,500 ","Bisexual, Non-Binary, White",2,Florida,"Beat reporting on data stories, environmental stories, updating social media","$13.50 an hour, $14 an hour, Data reporter, web producer"
Reporter,GateHouse Media,"34,400","Female, white ",5,North Carolina,"Reporting, editing, managing freelancers, photography, videography, social media management ","33,500 (one $900 raise in 5 years) "
Copy editor,GateHouse Media,"$50,000 ",Cis white female,20,Massachusetts ,Varied,"$46,000 at hire"
Reporter,Gatehouse Media,"$39,000 ",Female / White,3,Oregon,"Write about K-12 and higher education in the county, along with any additional holes to be filled, social media use, weekly Facebook Lives, breaking news when needed","$29,000 as a ""Breaking News, Cities and Schools Reporter"""
Reporter,GateHouse Media ,"$24,000 per year after taxes",Cis white hetero woman,2.5,Texas,My beat and others ,"Made almost as much working in service industry, have graduate degree"
Crime reporter,Gatehouse Media ,"$30,680 (before taxes)",Bi Cis Latino male,1.5,"Augusta, Georgia","Cover crime for four counties, other general assignment stories ",First job out of college 
"Reporter, multi-media journalist",Gatehouse Media - Wicked Local,"$30,000 ",cis female,6,Greater Boston,"Report and write stories, work on graphics, take photos, and do multi-media videos and keep a strong social media presence daily working for a paper in a suburb of Boston. ","$48,000, editor, elsewhere"
News Reporter/Staff Writer,Gatehouse Media-Ashland Times Gazette,"$30,000 ",Female/White,1,"Ashland, Ohio","Write 1-3 articles each day, take some photos",Unpaid internships (2)
Photojournalist,GateHouse New Media,"$50,000 ",Cis-hetero white female,17,Ohio,"Photojournalist, assignment editor, desk editor",
Deputy director for multimedia,Gatehouse/Gannett ,"$47,000 ",white woman,10,New England,"managing team of journalists, producing content for digital and print product","editor/reporter: $35,000"
Desk Editor,Gear Patrol,"80,000",white cis male,8,NYC,"Manage 1 writer, write/edit/oversee 24 posts per week + edit/manage 1/3rd of quarterly magazine","Deputy Editor at 80k, news editor at 60k, then 70k"
Staff Writer,Gear Patrol,"$65,000 ",white cis male,3,New York City,"Ideate, pitch, write 5-8 stories per week for online; ideate, pitch, write for quarterly print magazine; manage and edit small stable of freelancers; act as on-camera personality;","Staff Writer $60,000; Associate Staff Writer $51,000; Editorial Apprentice $21,000"
Staff Writer,Genius,"60,000",Male / Asian-American,4.5,"Brooklyn, NY",,
Senior Producer,Gimlet,"123,000",cis white female,12,NYC,"lead teams, produce stories, develop projects, interact with clients","95K (starting salary at Gimlet), 103K (exit salary at NPR), 83K (starting salary at NPR)"
Producer,Gimlet / Spotify,"$85,000 ",White,4,"Brooklyn, NY",,
Editor,GOOD / Upworthy,"$65,000 ",Female,6,Los Angeles,"Edit and write for three digital websites, manage a team of freelancers, oversee all branded editorial content and branded social content, produce e-commerce articles ","Associate Digital Editor at Fox News: $63,000"
Content curator ,Google via vaco,"$48,000 ",cis White female,2,Texas,Write national news salaries/headlines and other news content,
Reporter,Gothamist/WNYC,"$78,000 ",cis het white male,3,NYC,daily reporting/blogging,
Web Services Project Officer,Government ,107000,Male,10,"NSW, Australia",Technically be a team leader; work with vendor to deliver product for the gov; be a system admin for many products,98000/Web Developer/Male
Editor,Government Executive Media Group,"78,000",Cis white male,16,D.C.,,
Commerce Writer,GQ,"$62,000 ",,3 years FT,NYC,Just writing now,
Digital Producer,Graham Media ,"57,500",Indian female,5,Houston,"Reporting for digital stories, social media ","Digital Producer / 50,000"
Staff Writer,Granite Media,"55,000",Female,15,Remote,writing one story per day,
Producer,Gray Television,"$31,500 ",Cis white female,10,Tennessee,"Stacking 6, 10, 11 p.m. shows, including writing, creating full screen graphics, finding quotes, video and packages to run. Also made calls and wrote breaking stories for web, managed website, sent push alerts, updated and monitored social media, and coordinated night crew.","Digital producer/copy editor at a Tennessee newspaper, $42,000+night diff/bonuses. Designer/copy editor at Gannett Design Studio, $37,500. Designer/copy editor at Florida newspaper, $28,000."
Digital Content Specialist ,Gray Television ,"$22,600 yr",cis white male,8,,,
Creative Services/Promotions Producer,Gray Television (specific station withheld),"$32,000 USD",Male/Caucasian,13,Virginia,"Write, shoot, edit, post-production, etc. commercials for local businesses. Also work on various promotional initiatives for the station to inform viewers of newscasts, events, contests, and products we offer. De facto manager on several occasions when my manager was on maternity leave, which also included billing, department strategy, and assigning tasks to other employees.",
Producer,Gray TV,"$26,000 ",CIS,4,,Writer/producer for 6 p.m. show,
Senior Editor,Great Bowery,"$80,000 ","Cis, bi, white female",4.5,NYC,"Write, edit, manage interns, brainstorm & execute video series, branded content","Editor, $65,000, Asst. Editor, $45,000"
Social/Audience,Group Nine,"$72,000 ",cishet white male,6,,,"Salon: $35,000 for all entry-level. "
Producer,Group Nine Media,72100,cis asian male,4,NYC,Video Editing,AP 55000
Senior Producer,Group Nine Media,"83,000",cis white man,8,New York,,
Producer,Group Nine Media,"75,000",Cis Black Male,7,New York,"Write, pre-produce, direct, shoot, edit",
Supervising Producer,Group Nine Media,"$77,000 ",Cis-het Black woman,8,New York,"Editorial lead of a social platform 
Manage 6 accounts
Used to manage multiple platforms when I first started (FB + TW + IG and multiple accounts at its height)
Wrote + delivered insight reports 
Schedule, publish, copyedit, assign edits for videos + stills
Covered protests + live events + breaking news
Wrote op-eds + produced pieces
Edited scripts once a week
Produce shoots in studio + field
Interviews + research
Showrunner of a social show with editorial sponsor ","$24K 2012-2014 doing digital work at nonprofit/freelancing/interning 
$40K as headline writer for traditional newsroom
$55K starting as social media manager for startup media
$63-67K after getting a job offer elsewhere
$75-77K promoted to Producer/editorial lead for startup media"
Video Editor,Group Nine Media,"75,000",Straight white male,6,NYC,"video producing, editing, camera, scripting","69,000 1 year ago"
Publisher,Group Nine Media,"$62,500 ",CIS Man / Mixed Race Black,3,"New York, NY","publishing, copy writing, scheduling, deadline setting, partnership management",$55 assoc. producer
Staff Writer,Group Nine Media / Thrillist,"$58,000 ",cis female / white ,1,New York ,Writing / pitching ,Hearst Digital Fellow ($15 an hour) 
News Reporter,"Guam Pacific Daily News, USA TODAY Network","35,360.00",Woman/South Asian,2,Guam,"Report on military, business, tourism, breaking news and whatever else comes up.",
Assistant Edior,Hachette Book Group,"$40,000 ",mixed-race cis woman,6,NYC,assist two executives with their editorial tasks,
Associate Editor,Hachette Book Group,"$46,000 ",Cis-het white male,5,New York City,Acquire and edit nonfiction books. Provide editorial and administrative support to publisher and senior editor. 25-30 titles published per year. ,
Writer,Happy Mutants LLC,$30/post,cis het white male,7,Not NY or LA or SF or DC,,
Assistant Editor,HarperCollins,"39,000",cis white woman,3,New York,,"Editorial Assistant (33,500)"
Assistant Managing Editor,HarperCollins Publishers,"$53,300 ",Cis white female,5,NYC,"Interdepartmental liaison, oversee schedules and deadlines, manage metadata, proofread files, supervise freelancers, etc.","Assistant Managing Editor $47,000 + overtime / PRH
Managing Editorial Assistant $35,000 + overtime / PRH (starting salary was adjusted to $38k(?) a year or so after I was hired and so my salary was adjusted to reflect that change before my promotion to Assist. ME)"
Marketing Director,HarperCollins Publishers,"$107,000 ",Cisgender Female,13.5,New York City,"Pre-order campaigns, digital and social media strategies, influencer outreach, book club coordination, coordinate sweeps and cross-promotions",
Editor ll,Healthline Media,"72,000",Cis white female,8,San Francisco/Bay Area,"Developmental editing, assigning, sourcing and managing writers, overseeing team production and admin, etc.","All titles are arbitrary as duties haven't really changed since starting at this company:
- Editor l: ~63,000 in 2018
- Associate editor (now defunct position): ~58,000 in 2017
- Assistant editor (became salaried): ~51,000 in 2016
- Editorial assistant (full-time contract, verbal agreement to move to full-time salaried in January 2016): ~42,000 in 2015"
Fellow,Hearst,"$40,000 ",cis woman PoC,1,Houston,"Reporting twice weekly column, podcasting, contributing monthly features","$52,000 at the San Francisco Chronicle (same fellowship) "
Social Media Producer,Hearst,"40,000",cis white female,2,,,
Fellow,Hearst,"$40,000 ",CIS female white,6,"Houston, TX",General assignment reporter,"$36,000/Reporter"
Assistant Editor,Hearst,$25/hour,CIS White Female,4,New York City,"- writing new web content daily (celeb/entertainment news & SEO search stories)
- updating old content","data journalist $42,000
local news reporter $33,000"
Senior Fashion Editor,Hearst,"$61,000 ","White, cis, female",5,NYC,Everything,
Junior Motion Graphics Designer,Hearst,"$58,500 ",Cis white female,2,NYC,Digital motion design across social platforms and website,
Editorial Assistant,Hearst,"$33,950 plus overtime",cis white female,1.5,NYC,"writing digital and print content, managing boss's calendar, scheduling meetings, etc. ",Editorial fellow at Hearst - $15/hour
Reporter,Hearst,"40,800",Cis white male ,6,Houston ,"Write stories, shoot and edit video, build slideshows ","Reporter, $26K, $30K"
Senior Beauty Editor,Hearst,"75,000","white, female",5,"new york, ny",,"60,000 as beauty editor. got a bump when i got another offer"
Digital Editor ,Hearst,"65,000",cis white female,5,NYC,"Write, edit and publish stories on fashion and beauty, style photo shoots ",
Senior Editor,Hearst,"80,000",white cis female,7,NYC,,"digital editor 65k, editor 58k, associate editor, 50k, assistant editor 45k"
Digital Editor,Hearst,85000,cis Male/mixed,5,New York City,"Run website, manage social posting, responsible for growth",
Sr. Digital Editor,Hearst,"$65,000 ",Cis-gender white female,8,NYC,"Brainstorming, assigning, and editing content for the website. Managing website's social media pages. Developing content and social media strategies. Optimizing content for search. ","$71K (Health Editor, INSIDER Inc.)
$65K (Lifestyle Editor, Bustle)"
Associate Producer,Hearst,"58,500",Female CIS,1.5,New York,"produce, edit, shoot",
Reporter,Hearst,$52K,"Female, Hispanic",6,San Antonio,Beat reporter,"$47K with Tronc for breaking news/courts, $32,500 with Gannett for beat reporter position"
Senior Editor,Hearst,"68,000",white female,9.5,NYC,,
Reporter,Hearst,"$50,000 ",Cis white female,4,San Antonio,Daily beat reporter,
Director (Major Section) ,Hearst,"$145,000 ",Cis Female/white,20,New York,Manage several editors; write and edit articles (20+ pages a month + 25+ digital stories/month); work on marketing programs & branded content for sales side,"Hearst senior editor $68K, Time inc. senior editor $75k - $90k, Rodale deputy editor $110k"
Director,Hearst,"$95,000 ",white cis female,15,"New York, NY","writing and editing for print and digital, strategy, assigning, managing, overseeing budget, etc.","Director, $97,500; Senior Features Editor, $80,000, Senior Editor, $60,000 etc."
Researcher/Archivist,Hearst,"47,000","Female, white",4,San Antonio,,
Art Director & Senior Motion Graphics Designer ,Hearst,"58,600",Asian/Male,27,FL,"Create on air graphics for 3 stations, print and advertising media, teach juniors how to do their jobs. ",
Beauty Assistant,Hearst,"$32,000 + OT",Cis Black Female,2,"New York, NY","admin, writing for print and digital, video, oversee interns",
Editor,Hearst,"45,900",Cis white/Hispanic female,5,Connecticut,,
Assistant editor,Hearst,$25/hour plus overtime + freelance work on the side,"Cis, female, Latina",3,"New York, New York","Write articles, update old ones @ Hearst. Report and write stories for freelance.","Digital reporter - $14K
Editorial Associate - $40K"
Advertising Coordinator,Hearst,"38,000 after taxes",White female,2,NY,"assist 3 Ad sales directors with sales tasks, travel, meeting bookings, etc.",
Reporter,Hearst,"$47,000 ","CIS female, hispanic",4,Texas city,,
Homepage Producer,Hearst,"$57,000 ",Cis white male,3,Houston,"Run homepage, pull together morning/afternoon newsletters, send daily desktop alerts and breaking news emails, write, edit and package stories, advise reporters and editors on content choices, assist with social media when needed","$38,000 (Web Producer, Hearst)
$40,000 (Audience Engagement Editor, McClatchy)"
Fellow,Hearst,$15/hr,Cis asian female,1,NYC,,
Reporter,Hearst,"$52,000 ","Female, White Latinx",10,Houston,"Report and write 3-5 stories per week for a weekly features section, plus a luxury magazine; social media and branding; beat reporting","$41K as reporter for Gannett property for one year, but $35K for three years prior"
Former Style & Grooming Editor,Hearst,"$55,000 ",queer white male,3,New York,"Write at least three stories a day (mostly e-commerce based), manage freelancers and editorial fellow",
Senior editor,Hearst,"70,000",Cis white female,9,New York,Print and digital ,"Previous (different company): features editor, $75,000"
photography director,hearst,"130,000",female,18,"new york, ny","managing department of 3-4 associates; booking photo shoots, managing budgets.",
Digital Producer,Hearst,"$53,000 ",White cis male,10,Connecticut,,
Designer,Hearst,"58,000",Male,,"New York, NY",,
Editorial Assistant,Hearst ,"$38,000+ OT ($33,00 after tax)",cis black femaile,1.5,New York,"Daily news pitches/writing, SEO writing across verticles, feature writing/pitching, administrative duties (freelance contracts and invoices, expenses, freelancer CMS training)",
Assistant Snapchat Editor,Hearst (Cosmopolitan),"$58,500 ",cis het white female,3,New York City,"Curate and publish the Cosmo Stories snapchat edition, plan the editorial content for our daily Cosmopolitan Snapchat Discover edition, pitch and write for the print magazine's YOU section, edit video posts for the site, co-manage the editorial fellow, write up weekly and monthly reports for snapchat, act as a snapchat liason between the Cosmo US team and the Cosmo UK team, pitch and write stories for Cosmo's Snapchat channels, strategize editorial direction for snapchat channels, assist the Snapchat Editor for miscellaneous duties",Editorial Fellow
Sex & Relationships Editor,Hearst (Cosmopolitan),"60,000","Cishet WOC, Asian",5,NYC,"Write digital posts daily, write and edit in two sections of in-book magazine","Assistant Snapchat Editor 40k, Weekend Social Media Editor (permalance) 29k, hired as an intern at the company."
News Writer,Hearst (Cosmopolitan) ,"58,500",Woman/POC ,3,New York City,print and digital news ,"editorial assistant, writer, master's degree "
Senior Editor,Hearst (Lifestyle Group),"$70,000 ",Cis POC female,10,NYC ,,
staff writer,Hearst (Lifestyle Group),"62,000",cis white female,10,NYC,"pitch, report, and write stories for both print and digital. ",
Supervising Producer,Hearst Digital Media,"75,000",Female,6,"New York, NY","Manager of video team, Producer, ","65,000 Producer"
Content Strategy Manager,Hearst Digital Media,"$65,000 ",cis white female,3,NYC,"Manage all social platforms including FB, Instagram, YouTube, TikTok, Twitter","Social Media Editor--$58,500, Associate Social Media Editor--$20/hr"
Site director,Hearst Digital Media,"$130,000 ",Cis white female,12,NYC,Oversee digital editorial for two HDM brands ,
Deputy Editor,Hearst Magazines,"85,000",White cis male,5,New York City,"Pitching, writing, and editing for digital; content strategy and audience development; print-to-digital integration",
Senior News Writer,Hearst Magazines,"50,000",Cis white male,3,Los Angeles,"Write long-format, digital entertainment news stories primarily for Youtube. (I also run their social media accounts but that is not part of my job title, compensation)",Production Assistant - E! News - $38000
Reporter,Hearst Newspapers ,"13.25/hour ~ 32,000/year ",Cis white female,3,Houston,"Report on communities outside of the Houston metro area, take photos, produce online and print content, pitch story ideas, etc. ",
Assistant Fashion Editor,Hearst-Cosmopolitan,"58,500",cis female POC ,3,New York City,"SEO posts, writing print pages, market research, photo research, writing news stories, reporting, writing headlines and deks, editing ","Freelance Accessories Assistant (W mag), Moda Operandi (Production Assistant $18.27/hour) "
Associate Entertainment Editor,"Hearst, Cosmopolitan","$62,500 ",white cis female,3,New York,"Pitching and executing 1-3 digital entertainment stories every day, writing 2-3 entertainment stories for print monthly, interviewing celebrities, doing a weekly Instagram live show, pitching comprehensive coverage plans around certain shows and movies, executing SEO-oriented ideas ","News Writer - $58,500, Editorial Assistant - $40,000 plus overtime "
Social Media Editor,"Hearst, Cosmopolitan","$58,500 ",Cis white female,3,New York City,"I manage facebook, twitter, flipboard, and apple news platforms, assist with YouTube strategy, Instagram (but I build all of the Instagram Stories), I'm responsible for bringing in social traffic, making reports, working cross-functionally with design, video, edit, branded content, and a centralized analytics / strategy team. ","Assistant Social Media Editor, $46,000 (in Boston)"
Photojournalist,"Hearst, San Francisco Chronicle","65,000","Female, Straight, Mostly White",5,San Francisco ,Photographing everything,
Managing Editorial Assistant,Henry Holt (imprint of MacMillan),37K (after 2+ years in position),Cis White Male,5,"New York, NY","Copyedit, Proofread, Hire + Manage + Pay freelancers, create schedules, serve as project manager on at least 2 books a season, arrange and conduct meetings",
Journalism Teacher,High School,"$56,000 ","Male, White",7,"Boston, MA",Teaching high students how to produce media and broadcasting content.,"News Photographer, $65,000"
Multimedia producer,higher ed,72000,male / latinx,17,New England,Produce video and photo for higher ed non profit,55000 / staff photographer / daily newspaper (large urban metro)
Senior Writer,Higher ed alumni magazine,"$67,000 per annum",cis het white male,20,"Baltimore, MD","Pitch, research, report, fact check short-form news and longer features for both digital and print publication and social media; collaborate with art/photo/video teams on story-related projects.","Alt-wekly arts editor ($43,000); daily newspaper pop music critic ($42,000); alt-weekly music editor ($30,000); alt-weekly music & film writer ($21,000)."
Staff reporter,Hill Times Publishing,"35,000 (cad) = ~26,500 (USD)",cis het white male,~5 years ,"Ottawa, Ontario",Daily beat reporting,Digital content director at a midwest station - $32k
"Podcast producer, audio reporter",Honolulu Civil Beat,"$55,000 with 240 hours of PTO, 6% 401k matching, yearly 3% raise, comprehensive and affordable health care","White, Female, Queer",3,"Honolulu, Hawaii","Report, host and produce bi-weekly science podcast. Part of a 4-person team producing and reporting long-form investigative podcast. ","~$43K at NPR member station, Morning Edition producer. "
Criminal Justice Reporter,Honolulu Civil Beat,"63,800",Female / Korean,6,"Honolulu, HI",Reporting,"32,000 / Data reporter "
Reporter,Horizon Publications,$12/hr,White Female,6,Oklahoma,"Cover local news and events, pagination, web and social media updates, updating obituaries online... and whatever else they decide I need to do next week.",
Senior Associate Manager,Household Name Juice Company,"107,000 + Bonus","White, Female",7,Answer may reveal my identity,"Manage social media channels, manage all PR, manage all digital media ","Associate Manager, Supervisor"
Business Reporter,Houston Chronicle,"$42,000 ",cis white male,14,Houston,"Research, reporting, writing, social media, some editing",
Reporter,Houston Chronicle,"32,000",Cis male POC,2.5,"Houston, TX","Reporting on community news for a section of the city including government, business, education, nonprofits, crime and more","Reporter-$30,000"
Reporter ,Houston Chronicle ,"35,000",POC,6,,,"45,000 / reporter "
Assignment Editor,Hubbard,"40,000",White female,3,Minnesota,"Write web articles, post on social, assign PKGs & Vo/Sots for staff, line up interviews, write scripts",
Assignment Editor,HuffPost,"80,000",Female/Middle Eastern,6,CA,Help manage breaking news team. Assign and edit articles.,Reporter / DC / 80k; Reporter / LA / 65k; Fellow / LA / 50k
Audience Editor,HuffPost,"65,000",Cis white woman,3,New York,"scheduling Facebook/Twitter/Instagram, working on SEO and headlines, looking at stats and setting goals with newsroom teams, covering live events on social like debates/awards shows, etc.",
Multimedia Producer,HuffPost,"55,000",Trans non-binary (AFAB),4,Canada,"editing, writing, audio recording and production, multimedia creation","editor, op-ed columnist, copywriter, MC, freelancer"
Senior Editor,HuffPost,"$75,712.00 ",cis white female,6,"New York, NY",Data & Analytics for Audience Development,"Fellow: $10/hr
Associate Editor: $40K
Editor: $60K
Editor after unionizing: $63,654.00"
Reporter,HuffPost,"$73,000 + ~$7,000 bonus",cis white female,6,New York,Reporting on daily news,
Senior Reporter,HuffPost,90000,cis hetero white male,20,New York,Feature story writer,
Associate Editor,HuffPost,"$44,000 CAD",cis white woman,3,Canada,"reporting original stories, packaging wire content, social development","editor, reporter, freelance writer"
Reporter,HuffPost,"$58,000 ",Cis woman/SA,4,"Washington, D.C.",Pitch and report on daily stories about national breaking news and politics,"(42,000) News Associate in Chicago"
Multimediaproducer ,HuffPost,"$85,000 ",Cis-gendered East Asian Male,3.5,"NY, then remote","Produce multimedia assets for stories, social, and marketing; also had to source and pitch social content + produce assets for the social team","Multimedia fellow - $15 / hour
Multimedia producer (initial) - $45,000 (w/o any possibility for pay negotiation)
Multimedia producer (after union) - $65,000
Multimedia producer (final annual pay before leaving) - $85,000"
Associate Editor,Hypebae,42.000 + one annual bonus equivalent to one paycheck,Cis black female,3,NYC,"Content (editorial + video) production, strategy, social media management, editing, sales pitching, editorial calendar, news aggregation, ","Beginning salary was 38,000"
Associate Editor,HYPEBAE,42.000 + one annual bonus equivalent to one paycheck,Cis black female,3,NYC,"Content (editorial + video) production, strategy, social media management, editing, sales pitching, editorial calendar, news aggregation, etc.","Beginning salary was 38,000"
Associate Editor,HYPEBEAST,"45,000",african-american,3,New York,"writing, reporting, editing, processing images, pitching stories and original content, conducting interviews, etc.","Editorial Assistant, $48,000"
PRODUCER,HYPEBEAST,"70,000",BLACK,6,NEW YORK,"CREATIVE EXECUTION, TALENT NEGOTIATIONS, EVENT COORDINATION, MANAGE BUDGETS ETC","YOUTUBE STRATEGIST- COMPLEX
PRODUCTION COORDINATOR- TALKPOINT"
Editorial Assistant,Hyperallergic,"$50,000 ",Female/Arab,3,"Brooklyn, NY","Edited and assigned articles; manages article workflow; wrote event picks, news briefs, reviews, etc; prepared and edited email newsletters; managed and maintained Hyperallergic’s Twitter and Instagram; vetted article submissions via Submittable; maintain professional correspondence with publisher, editors, writers, etc.; kept track of article deadlines and calendar; put together monthly and seasonal art guides","I started at $48,000, was promised $52,000 after three months, but it only went up to $50,000 after six months, and then five months later I was laid off."
senior writer,IDG,95000,cis female asian,10,NYC,"reporting, video",80000 business editor
Digital Program Director,iHeartMedia,"40,000",Female/White,6,PNW,"Direct manager of digital team, implementing all local digital initiatives.","Online Coordinator, $36,000"
Radio news Anchor,Iheartmedia ,"35,000",White female,35,Louisville ,"Reporting stories, anchoring radio news",
Social Media Assistant,"iHeartRadio (National Team, New York)","$12/hr, capped at 30 hrs/week","cis male, latinx",2.5,"New York, NY","Updating social media accounts, capturing content with talent, social event coverage at events",
Automotive Shop Owners,Import Shop,$60k salary + approx $120k draw,White Male / White Female,30,"Portland, OR",Operate and maintain the business,Automotive technician $40-$60k
Staff Writer,Impremedia,"30,000 ($15/hr) + 10,000 possible bonus",WOC,,Los Angeles,"6-8 posts, 15k PV/day",
Reporter,Inc. magazine,"$60,000 ",cis white male,4,NYC,"reporting, op-ed writing, podcasting, newsletter writing/editing","Assistant Editor - $45,000 (raised to $50,000 after ~2 years)"
Web Producer,Inc. Magazine,"$50,000 ",cis white female,2,NYC,"edit and produce, assign stories to freelancers, write for online and print","intern $20/hour, $45k FT"
Copy Editor,Independent business,$35 to $50 an hour,White female,40,Seattle,"Copy editing, line editing, developmental editing, historical research","Technical editor, content editor, copy editor, managing editor (magazine), technical writer"
Managing Editor,Independent News Site,"$55,000 ",White Cis Woman,10,Remote,,
Reporter,Industry Dive,"$60,000 ",CIS ,4,Washington DC,"Reporting, editing, assignments","Associate Editor ($52,000)"
Reporter,Industry Dive,"$60,000 ",CIS POC Male,4,Washington DC,"Reporting, editing, assignments","Associate Editor ($52,000)"
Editorial Operations Manager,Industry Dive,"$85,000 ",CIS POC Male,3,"Washington, DC","Training, management, data analysis","Editor $54K
Associate Editor $42K"
Associate Editor,Industry Dive,"50,000",Female/POC,1,"Washington, DC",,
Editor,Informa,50000,Female/Caucasian,10,Ohio,,
Content Director,Informa,"100,000",Female/Caucasian,15,LA,"manage four EICs, work on audience development, etc.",
Senior Reporter,Informa Business Intelligence,"58,000",Cis white female,18,"Washington, DC",,
Reporter,Inside Higher E,"$52,000 ",Het-cis white female,3,DC,Write 3-5 stories per week,About $35-40k at previous two print papers
Reporter,Inside Higher Ed,"52,000",White cis female,3,DC,Cover nontraditional students (3-5 stories per week),"Two previous reporting positions at about $37,000 each"
Reporter,Inside Higher Ed ,"$46,000 ",cis-het white female,5,Washington D.C.,,
Editor,Inside.com,"$45,200 ",cis white female,3,Remote,"Reading, researching, writing, editing",
Correspondent,Insider/Business Insider,"91,000",cis white woman,5,LA/NYC,"Write original news stories, analysis pieces, interviews, event coverage, visual features. ","Current: 83k base salary with 9k bonus. Started at same company 4 years prior as entry-level reporter at $45,000 with 5k bonus. "
Staff Writer,Institutional Investor,"$57,000 ",cis white woman,,4.5,"report, write daily news, features",
Audit Staff,Iowa Public Accounting Firm,"59,000",Female Asian,1,"Des Moines, Iowa",Audit,
Senior Producer,ITV,"$80,000 ",Male / not white,23,Nomadic,"Fixing, shooting, scripting, editing, producing, live camera and uplink","$52,000 / Executive Producer / production company"
Section Editor,Jewish Media Company,56000,Female / Jewish,4,NYC,Section Editor,Deputy Section Editor — 40K
Sports writer,Johnson Newspaper Corporation,"29,500",Cis white male,2,"Watertown, NY","Beat writer covering local HS football, basketball, baseball, softball. 2-3 stories per week (gamers and features and not including briefs). Agate page usually once a week. ",Unpaid internships and student Newspaper (4 years)
Writer,Journalism industry publication,"63,000",white woman,3,Northeast US,,
Senior Editor,Kaiser Permanente,"85,000",gay white cis woman,10,"Los Angeles, CA","brainstorm, write, and edit nationally distributed B2B and B2C content across print/digital, including emails, website copy, mailers, billboards, etc.","Copy Director, Clique ($93,500, up from $70,000 over 4 years); Copy Editor, POPSUGAR ($48,500, up from $45,000 over 3 years)"
Producer,KALW,$350/show,Cis female/White,1,San Francisco,"Producing live radio shows, line-producing",Freelance journalist
Graphic Designer and Marketing Coordinator,Kansas Nonprofit,"35,000",cis white female,0,Kansas City metro,"Design all socal media assets, posters, other brand assets & write social media copy, blogs, brand messages and more",This is my first job out of college so I just accepted the salary without negotiating
Weekend Anchor/Producer and MMJ,KAUZ,"29,000",Cis white male,2,Texas,"Produce two newscasts on Saturdays and Sundays, report three times a week and fill-in as producer or anchor as needed.",
Producer,KCRW,"$66,000 ",cis white male,17,Los Angeles,"Produce weekly show. Generate segment ideas, book guests, write scripts, edit audio and mix segments. Report news spots and features. Oversee blog, social media and newsletter.","$58,000 as an assistant producer for a national radio show"
Producer,KCRW,"$72,000 ",cis white female,7,"Los Angeles, CA","Produce and edit weekly interview style radio show and podcast. Book guests, run remote recordings, put together and edit show in ProTool, write web copy",Intern and then production assistant for Morning Edition at NPR West. Was making in the low-mid $50k's when I left in 2014.
Associate producer,KCRW,"$54,000 ",cis white woman,5,Los Angeles,"Produce multiple segments a week, pre-interview and book guests, edit on various platforms, write scripts, pitch, post to social","Unpaid reporter, freelance producer, intern"
Reporter,Keene Sentinel,$12/hr,White male,2,New Hampshire,,"$33,500/yr, reporter at the Daily Gazette of Schenectady"
Social Media Coordinator,Khoros,"45,000",cis white female,4,"Austin, TX",social media management and reporting,"marketing coordinator (12/hr), social media intern (15/hr)"
Associate Strategist,Khoros,"$50,000 ",CIS Female / POC,4,"Austin, Texas","Leading project teams, handling customer comms, managing social brands and working on strategic playbooks and deliverables.","$45,000 / Social Media Coordinator"
Afternoon Newscaster / General Assignment Reporter,Klondike Broadcasting,"$42,000 ",Cis/Bi/Caucasian/Male,2,Yukon,"-Generate and compose news/sports stories on a daily
basis, anywhere from 5 to 10 per day. (Burli)
-Anchor local news and sportscasts (7 per day)
-Attend press conferences, city council, territorial
legislature, First Nations council meetings, sporting
events, and conduct interviews by phone or in person.
-Report on live events: Breaking News (fires, shootings,
elections, car accidents etc…)
-Write stories for the web
-Actively engaged in social media (Facebook, Twitter,
Periscope, Instagram…)",N/A
Reporter,KPC Media,$27k,cis white woman,2,"Kendallville, Indiana","Find story ideas, report, edit, dummy pages for weekly paper, photos","last job was $29k as a reporter at Chronicle-Tribune in Marion, IN"
Beat Reporter,KPCC,72000,Cis Male/Latino,5,Los Angeles,Enterprise and assignment reporting for radio & web. Multiple filings weekly,
Senior Reporter,KPCC,"$80,620 ",White female,10,LA,Reporter in a public radio newsroom,
Producer ,KPCC ,61,Cis White Female ,5,"Los Angeles, CA ","Produce show segments: pitch ideas, pre-interview and book guests, write scripts and web copy, etc. ",
Editor,KQED,"$104,000 ",CIS white female,10,San Francisco,"Editing, producing, reporting, project management, on-air",
Editor and reporter,KQED,"100,000",cis hetero male/white,45,San Francisco Bay Area,"Reporting, writing, editing and producing digital and broadcast news and features, with many associated tasks. ","Nov. 1972: $110/week as metro daily ""copy boy""  ($34,635/yr in inflated 2019 dollars)
Nov. 1982: $1110/month as wire editor for small-town daily paper ($34,663)
Nov. 1992: $58,000/yr (max, w/OT) asst. city editor at metro daily ($105,113)
Nov. 2002: $122,000/yr as news managing editor for cable TV channel ($173,173)
Nov. 2012: $85,500/yr as public radio news editor ($95,844)"
Writer - reporter ,KQED,"56,800",white cis male ,8,Bay Area,"Breaking news and enterprise stories for web, occasional radio ","Previously freelance, alt-weekly editor and columnist "
Desk Assitant,KTLA,$15/hour,cis female,2,Los Angeles,"Organize daily field drives and retrieves file videos
Use FTP system to send/receive video files from the field
Makes beat checks of police and fire departments
Log/transcribe daily video feeds
Answers viewer phone calls, taking stories from viewers
Checks for possible stories via all social media channels
Checks email for possible stories and upcoming news events
Listens to viewers complaints; accepts criticism in an even handed manner; and offers suggestions or answers as appropriate
Watch and log daily competition newscasts",
Reporter,LA Times,"89,250",Cishet White Man,9,Los Angeles,Report breaking news+enterprise (mostly enterprise),Got a 5% raise once we got our union contract
Editor,LA Times,"$115,000 ",white cis woman,12,LA,,
enterprise reporter,LA Times,"$110,000 ",POC woman,6,San Francisco ,Write and report out enterprise/investigative stories,$90k - senior editor; $60 k - reporter
Reporter,Landmark Community News,$10/hour,White,1,Central Kentucky,"General assignment reporter and photographer covering breaking news, education, local politics and pretty much anything else. I do page layout, also, and I'm in charge of obituaries and the community calendar.",N/A
Reporter,Landmark Community News,$13.5/hr,Cis White Male,3,Colorado,"Cover all news for a mid-size town and when I have time, news for a neighboring town. This is at a time when the town is rapidly growing, there's a major political controversy occurring and we still need events to be photographed and sports events to be covered.  Design multiple newspapers per week and manage our websites and social media platforms. Paid for 40 hours per week tops. ",
Line Producer,Large Animation Studio,145000,Male/ White,10,Los Angeles,,
Graphic Designer,Large Winery,80000,cis white male,6,"napa, ca",creative design and production design of point of sale pieces,
Photographer,Las Vegas Review Journal,"$47,000 ",White male,25,Las Vegas,"General assignment photography, some video shooting",
Reporter,Las Vegas Review-Journal,"$42,000 ","Gay male, White",5,"Las Vegas, Nevada",Reporter,n/a
Reporter,Las Vegas Review-Journal,"$60,000 ",White/het/cis male,6,Las Vegas,Beat reporting,"Beat reporter at smaller paper. Started at $36k, ended at $40k. "
Reporter ,Las Vegas Review-Journal ,"41,600",queer white woman ,,Las Vegas,reporter,
GA Reporter,Las Vegas Sun,"40,000",Cis white woman,2,Las Vegas ,Report on county government and other local news ,"Associate Editor (36,000) Copy Editor (30,000)"
Staff Reporter,LAW.com,"56,000",cis-white male,4,New York,reporting on news (quick turn) and enterprise stories (lightly sourced 400 word posts up to in depth data and HUMINT reporting) in the legal industry,"$85,000 video producer/on camera for sports magazine and matching online site; breaking news reporter ($250/day) for NYC daily, breaking news videographer ($11/hour) for NYC TV station, online video producer ($52,000)"
Legal Reporter (Courts Coverage),Law360,"$68,000 ",Cis White Female,5,LA,"Cover 1-2 court hearings a day, sometimes jury trials, other times reporting on documents","$28,000 to $34,000 reporter at local newspapers"
General Assignment Reporter,Law360,"$64,668 ",cis black woman ,3,New York City ,"reporting and writing multiple stories daily on litigation, regulation, public policy and other legal news",
Reporter,Law360,"68,000",female,8,,,
news assistant,law360,"50,000",male/white,1,New York,"staring at legal filings, occasionally ""pitching"" them as needed. writing about them on lucky days. ",
General assignment reporter,Law360 ,"$64,872 ",Cis white female ,5,New York City ,"Write several stories a day about legal and policy updates, mainly based off court documents. Sometimes write deeper features and analyses ","$27,000 at a BH newspaper "
Associate Producer,LBI Media,"$29,120.00 pre tax",Latina,4,Los Angeles,,
Copy Editor (Freelance),Leaf (High-end content mill) ,5¢/word (about $180/hour) piecework,"cis white male, disabled ",25,LA (work remote from Mexico) ,Fixing awful medical writing submitted by (mainly US-based) contract writers. ,Toronto Star - Radio Room Operator - (union rate)
Staff Writer,Lee Enterprises,"$33,000 ",cis white female,12+,Iowa,"writing, editing, photography, videography, social media",
Reporter,Lee Enterprises,"$33,000 ",cis-het white male,1.5 years,"Rapid City, SD","Covering city hall and public schools, occasionally shooting photos.","Contributor for local weeklies, GA at a daily community paper, intern."
Copy Editor,Lee Enterprises,"$42,000 ",Cis-bi white male,2,"Munster, Indiana","Edit copy, write headlines, proof pages, manage social media","Reporter, $32,000"
Staff Reporter,Lee Enterprises,34000,Cis white female,3.5,Southern Wisconsin,Reporting on business,Previously GA
Business reporter,Lee Enterprises,"$54,000 ",white male,24,Nebraska,Mostly reporting,"Managing editor, $55,000; copy editor, $44,000"
Statehouse Reporter,Lee Enterprises,52000 (2015),white woman cis het,,Montana,Cover breaking news and write in-depth accountability projects about state government,
Assistant Editor,Lee Enterprises,"$40,000 ",Cis white woman,2,St. Louis,"Writing web stories, copy editing, proofreading, social media","Only internships previously, first full-time job post-grad"
social and online editing - union position,Lee Enterprises,"66,000",cis white woman,15,"midwest, urban, not chicago","website editing, story presentation, social media, some social reporting",
Photographer,Lee Enterprises,"35,000",Male,4,Nebraska,Photographer,"Photographer in Lee Iowa, $31,000"
Reporter,Lee Enterprises,"36,000",Male,5,Southwest,Daily and enterprise beat reporter,
Reporter,Lee Enterprises,"35,000",cis white female,3,"Munster, IN","General assignment reporting: government, features, community, etc.",
Page designer,Lee Enterprises,"35,000",cis white female,3,"Munster, IN","Communicate and troubleshoot with editors, reporters; design newspages for a variety of publications; copy edit page content; use Photoshop, InDesign, etc.",
Local reporter in southeast Wisconsin,Lee Enterprises,"$32,000 ",White Male,2,"Racine, Wisconsin",,"First full-time job, but most of the reporters with less than 10 years experience make about the same"
Reporter,Lee Enterprises,"34,000",Cis white female het,1,"Munster, IN","Monitoring traffic and weather reports
Analyzing crime logs, police records and court documents
Writing briefs, daily and enterprise stories",
Reporter,Lee Enterprises,"$45,000 ",Male,2,Wisconsin,,
Reporter,Lee Enterprises,"$33,000 ",cis white female,1,"Munster, Indiana",Write beat stories daily. Attend various city meetings in beat coverage area and turn stories on deadline. Shoot photo and video as needed. Fill in on the copy desk as needed. Help with public safety coverage. ,"Previous: Copy Editor, $33,000"
Reporter,Lee Enterprises ,"37,500",white cishet f,1,California ,"reporting, pitching, writing, some social media curation, etc","Contributor (100-200 per article), PT Ed. assistant $15/hr"
Reporter,Lee Enterprises ,"$32,000 ",cis male/Native American and Caucasian ,2.5,Mountain West,Beat reporting ,"GA reporter at a Wisconsin Lee Enterprises paper for almost 2 years. Started at $27,000/year. Given a raise after about a year to $29,000/year before getting another raise to $31,000/year prior to leaving for my new position. "
Reporter,Lee Enterprises ,"$47,500 ",Cis white woman ,3,Wisconsin ,,
Design director,liberal arts college,"70,000",white male,16,midwest,"Print design and production, vendor management, some editorial and editor, photo archiving and editing, strategic communication planning",
Literary Assistant,Literary Agency,"$45,000 ",cis white female,5,"New York, NY","liaise with authors, draft contracts, process payments, read proposal and manuscript submissions, sometimes edit clients' work, write pitch letters, track submissions to publishers, manage agents' calendars","been in this role 1.5 yrs--before that worked as a paralegal, freelance writer/editor, and program assistant for an NGO"
Senior writer,Local bi-weekly magazine,"47,000","cis-het female, white, non-citizen",3,California,"manage website content, write 5-7 stories per publication cycle, write daily newsbriefs, assemble weekly newsletter, answer office calls, occasionally manage social media, produce bi-weekly audio segment (context: newsroom staff of > 5 people)","staff reporter @ daily newspaper in California, CJS graduate"
Lead Anchor,Local news affilate of Fox in top 15 market,225000,"Female, African American",25,Top 15 Market,,
Reporter,Local News Now,"$55,000 ",Cis female / white,5,Northern Virginia,"Writing 5+ stories a day on everything from legislative sessions to retail to developments, covering breaking news, writing social media, managing an intern and more....","$46,000/year at a national media outlet in D.C., $1500/month at another local outlet in D.C."
Reporter,Local News Now,"$55,000 ",Cis female / white,5,Northern Virginia,"Writing 5+ stories a day on everything from legislative sessions to retail to developments, covering breaking news, writing social media, managing an intern and more....","$46,000/year at a national media outlet in D.C., $1500/month at another local outlet in D.C."
Executive editor,Local newspaper,"$42,000 ",Cis white woman,7.5,New York metro area,"Running an entire newspaper that publishes weekly, i.e. writing 6+ stories, managing freelance submissions, layout an entire paper in InDesign, copyedit entire paper, compile event listings, manage social media, update the website","Associate editor at the same publication, starting salary ~$35k"
Managing Editor ,Local Nonprofit News Organization,"$27,000 ",Female,5,"Ithaca, NY",Reporting and Editing,
Sports anchor/reporter,local tv station ,"$25,000 ",female ,1,North Texas/southern oklahoma,cover local HS and college teams on a weekly basis (VOSOT previews) then attend all games possible. 5+ live shots each Friday night. Anchor weekend shows. ,
sports anchor/reporter,lockwood,"25,000","	Cis-het white female",1,n/a,report on local HS and college teams throughout the week (VOSOT previews) film any important game. 5+ live shots on friday nights. anchor the weekend shows,intern for an NHL team and an MLS team. Also interned for a regional sports network and a local tv station in my home state. all unpaid. 
Assistant editor,Los Angeles magazine,"37,000",White CIS woman,4,Los Angeles magazine,"I cover housing, homelessness, labor, public policy, and other topics for web",
Reporter,Los Angeles Times,"$85,000 ",Cis white female,8,Los Angeles,Daily beat reporting,
Audience Engagement Editor,Los Angeles Times,"$68,000 ",cis black woman,2,Los Angeles ,Managing social media accounts ,
Audience Engagement Editor,Los Angeles Times,"$68,000 ",Cis Asian woman ,2,Washington DC,,
Reporter,Los Angeles Times,"$89,000 ",cis white woman,10,Los Angeles,beat/enterprise reporting,
Photographer,Los Angeles Times,"$115,000 ",Male/white,21,Los Angeles,Staff photojournalist,
Audience Engagement Editor,Los Angeles Times,"64,000",Cis Latina,2,Los Angeles,,
Graphics reporter,Los Angeles Times,"92,000",cis gay POC,8,Los Angeles,"Charts and graphics, web development, design, original reporting","30000 / web producer; 68,000 / graphics reporter"
Online News Editor ,Louisiana Business Inc. (Business Report) ,"43,000","Cis woman, white ",3.5,Baton Rouge ,write and edit content for twice-daily online newsletter ,"First job: staff writer in Mankato MN, salary was $32,000"
Senior Publicist,Macmillan,66000,,8,NYC,,"Intern, Publicist"
Section Editor,Magazines,"53,359.80 USD",Female caucasian ,10,"Sydney, Australia",Create content for my section of the magazine I work for. ,
Managing Editor,Maine Today,50000,female/white,34,Maine,Responsible for seven newspapers. Directly edit four,"Editor, single newspapers"
Foreign Correspondent,Major Canadian media organization ,"$117,000 Cdn/$90 k USD",White female,25,toronto,"cover all economic, political, cultural news in a designated geographic region for print + online, represent the organization at public events. Intensive travel, 65+ hrs week, no defined workday.","Staff reporter, Cdn $ 90k /yr"
reporter/editor,major Canadian news agency,"60,000 CAD (45,000 USD)",cis white woman,4,Toronto,"Report breaking news and enterprise stories, write for broadcast, take video, edit and assign stories to peers",starting wage was $27/hour
Managing Editor,"Major publisher, audio division","58,500",cis white female,19,remote,"Content strategy, on-page SEO, analytics, copy-editing, partnership development",
Freelance writer,Many,"$135,000 ",CIS female,20,Remote,"Pitch stories, write, etc. ","Senior writer, staff writer, assistant editor"
Producer,Maranatha Broadcasting Co,"43,000",Female / White,3,Allentown Pa,"Selecting content, stacking show, writing, coordinating with talent, line producing","2016: 12.55/hr associate producer;
2018: 15.00/hr producer"
Anchor,Market 140ish,"40,000","Male, straight, white. ",5,Midwest,,"MMJ, 28,000"
Creative Coordinator,Marmoset Music,"$42,000 ",Mexican/Chinese Woman,2,"Portland, OR","Negotiate prices for songs used in videos for commercials and TV, search for songs from internal roster",
senior editor,Martha Stewart Living Omnimedia,"$75,000 ",cis white female,4,NYC,Editing features and FOB section,
Producer,Marvel Entertainment,70000,White male,10,Los Angeles,,
Freelance Podcast Editor,Marvel Entertainment ,$50/hour (1099),cis white woman,4,New York,"Edit podcast content in Pro Tools (making editorial decisions, not much audio engineering) ",
Associate Producer,Mashable,"50,000",Male / Asian,3,New York,,
Reporter,Masthead Maine,"$56,000 ",White Cis Male,10,Portland Maine,Report and write daily news stories,
Reporter,McClatchy,"$47,000 ",cis white female,5,Central California,"reporting, writing, some engagement work, ","-2015, $35k, smaller McClatchy paper as a reporter 
-2014, $25k, tiny weekly paper as reporter, photog, page design"
Reporter,McClatchy,62000,"Female, White",10,Midwest,,"$28,000-->$34,000-->$36,000-->$42,000-->$45,000-->$48,000-->$60,000"
Reporter,McClatchy,"42,000",Cis white woman,1,Idaho,"Beat reporting, writing",
reporter,McClatchy,"35,000",cis white female,5,St. Louis metro area,"beat reporting, photo, video, social media scheduling and copy",
Reporter,McClatchy,"46,000","cis, het, white, female",7,California ,,
Beat Reporter,McClatchy,"45,000",POC,1,Midwest,Typical beat reporting duties.,First job. Interned at two metro daily newspapers in college.
Staff Writer,McClatchy,"$47,000 ",Female/White,6,"San Luis Obispo, California","Reporting, social media posting, video editing, photography",
Senior Reporter,McClatchy,"$49,000 ",White/ female,8,South Carolina ,,
Media Strategy Supervisor,Media Agency part of Ominicom,"$75,000 ",Latina Female,4,NYC,,
Photojournalist ,Media General,"$55,000 ",White male,23,Florida,"End of career duties included photography for website which maybe a gallery and print product. Plus editing 2.5 hours live broadcast new show every morning every other week. Run live truck and shoot VO/VOSOT and video packages for daily newscast every other week opposite editing duties. Start of career duties where to be photography just for print, may include transmitting from remote areas. Some international travel required. ",Starting salary upper $30’s with ending salary mid $50’s. 
Social media manager,Media production company,,50000,3,Atlanta ,,
Executive editor,media/publishing,"64,000",female Caucasian,20,"Norwalk, CT","Plan and execute all aspects of monthly health newsletter production, including lineup, interviews, research, writing, layout, and image selection; substantive editing on books between 64 and 96 pages in length","Assistant editor, $45K, 2006"
Editor,Mediaite,"31,000",,2,NYC,,
Reporter,MediaNews Group,45000,Asian,2,California,"Daily beat reporting, covering government agencies",32000 - Reporter in Indiana 
Associate Editor,Medical Journalism Company,"67,000",Female / Hispanic White,4,San Francisco,- Write daily news stories - Create multimedia - Manage 3 social media channels,
Senior Writer,Medium,"$110,000 ",Cis WOC,7,New York,"Reporting, writing. Mix of quick turnaround stories and features.","Senior Writer, $65K
Writer, $51K
Junior Reporter,  $35K
Intern, $10/hour"
Senior Writer,Medium,"100,000",cis white male,5,NYC,"Features and investigative work, some shorter turnaround reporting","$45,000 at Popular Science as assistant editor
$55,000 starting at Quartz
$63,000 after two years of raises at Quartz"
Staff Writer,Medium,$85K,"Cis, woman, POC",5,SF,"Writing, reporting, news, features",Reporter: $65K
Digital Producer,Meredith,"$58,500 ",cis white female,2 (including cumulative college experience),NYC,"Pitching news platforms, debugging site, editorial assistant type duties, aggregation writing, light social strategy, syndication editing, designing special projects, occasional reporting/transcribing/fact checking, admin for WordPress, Slack, Airtable, etc. ","freelance @ activist newspapers, unpaid internships "
Staff Writer,Meredith,"$84,000 ",cis white woman,4,Remote,"Daily-ish news, plus print features and essays","Started at GMG at $50k (union minimum), moved to current role at Meredith at $70k, got raise to $84k to match external offer"
Social Media Editor,Meredith,"$62,500 ",cis white female,3,NYC,"-Run social channels (FB/TW/IG/Pinterest)
-Pitch emerging platforms (Smartnews, Flipboard, Apple News)
-Run social video strategy
-Work award shows and off hours events
-Manage weekend/morning editors on social platforms
-Be online during off hours for breaking news
-Break features and print magazine content on social channels","Fellow ($17/hour); Assistant Social Media Editor ($20/hour); Associate Social Media Editor ($52,500)"
Editorial assistant,Meredith," $17/hr (~$35,000)",cis white female,1,Iowa,,"This position started as entry level at $15/hr (~$31,000)."
Writer,Meredith,"$64,000 ",cis MOC,3,Los Angeles,#NAME?,"$54K->$58K->$61K within a 2+ year duration at BuzzFeed News (plus a $1K bonus one year, and a $250 bonus the next)"
Senior Editor,Meredith,"77,000",cis female,15,NYC,"manages editorial assigning, editing, and production of 80+ special issues inclusive of third party and internal brands","Editor (60k), Associate Editor (40k)"
Senior Social Media Manager,Meredith,"$77,000 ",queer white cis woman,12,NYC,"Social media/audience strategy, analytics, reporting, partnerships, events. Produce all social media content for advertisers. 1 direct report.","$75k starting salary at current job ~3 yrs ago. $65k social media manager @ Condé.  $57k social media manager @ small website. $50k-ish freelance social media strategist. $40k digital marketing manager, ad agency.  $26k digital marketing manager @ FADER"
Senior Associate News Editor,Meredith,"$66,000 ",Cis WOC,5,NYC,"Write daily news, celebrity interviews and profiles",
Senior Food Editor,Meredith,"$78,600 ",Female/Asian American,8,New York City,"assign and edit features including covers, work with multiple teams to conceptualize and execute packages",
Associate Editor,Meredith,"65,000",Cis white woman ,3,NYC,Section editor for print.,
Editorial Assistant,Meredith,"$35,000 ",cis white female,2,NYC,Assistant to the editor in chief (+ other administrative duties); write 3-4 print articles per month and about 2-3 digital articles per month. ,
Associate Producer,Meredith,"63,000",CIS WHITE FEMALE,8,"New York, NY","Produce, shoot, edit video content for web. After effects heavy.","Same title for 5 years, only pay bumps have been cost of living increases"
Senior editor,Meredith,"$75,000 ",,,,,
"Audience Development, Senior Manager",Meredith,"$90,000 + 10% bonus",Female / Asian,7,"New York, NY",managed audience acquisition/retention from email and referral partners (organic and paid); provided business insights and goals tracking,"$75,000 + 10% bonus as Audience Development Manager at Time Inc."
Associate Digital Editor,Meredith,"58,500",cis white woman,3,NYC,writing 2-3 news/evergreen stories per day,
Digital Photo Editor,Meredith,"70,000",Female / white,5,"New York, NY",,
Social Media Editor,Meredith ,"60,000",cis white female,5,NYC,Manage daily programming of brand's social channels. ,This role started as a freelance $20/ hour position. 
Senior Video Producer,Meredith Corp,"93,000",white cis het male,9,New York,"Oversee digital video department. Ideate strategy, produce in the field and oversee post production. Pitch and execute videos. Act as camera operator, producer, writer and direct in the field. Edit videos and create graphics packages. Lead campaigns for editorial sponsorship opportunities and respond to RFPs from advertising agencies. ","Producer - 76k/year, Freelance video editor for TV at 500/day. Permalance Assistant editor at 67,600/year."
Senior Video Producer,Meredith Corp,"$94,000 plus 10% bonus",POC female,3,New York,,"Producer  $68k, AP $64, PA $54k"
Producer,Meredith Corporation,"$68,000 ",White male,15,Atlanta,Primary producer for assigned early-evening news broadcasts,
Ecommerce Writer ,Meredith Corporation ,"$58,500 ","Female, white ",4,New York ,,
Managing Editor,Metro ,"$100,000 ",,10,New York,"Manage NY, Philadelphia, Boston editions of daily newspaper",
Senior Editor,Metropolis,75000,Female / Biracial Asian American ,3,New York City,pitching and editing design and architecture stories from staff and freelancers for a monthly print magazine; reporting and writing for the print magazine and website; attending industry events; representing the magazine at its event series (panels etc.),Freelance writer
Editor un chief,Mexican magazine,$18666 pesos,Mexican,2,North ,"Edit, writing, design, assignment of topics, photography, administrative duties",Reporter $13000 
Reporter,Miami Herald,"$50,000 ",Cis female / white,2,"Miami, FL","Covering state and national politics, policy and cannabis","State government reporter: $39,000, Intern: $12/hour"
Investigative Reporter,Miami Herald,"$80,000 ",White,5,Miami Herald,Investigative reporter,
Reporter,Miami Herald ,"$50,000 ",,2 years FT,Miami,"Covers statewide and national politics and policy, with a focus on cannabis and the 2020 election","2018: $39,000, 2017: $12/hour intern"
Print Editor,mid-size niche lifestyle publication,"$55,000 ",queer white man,4,New York,"Writing and editing print and digital stories (at least nine in book at a time, mostly features)",
"Managing Editor, Digital",mid-size trade publication,"$84,000 ",cis white femaile,9,NYC,"managing employees, overseeing digital content + strategy, project management, writing + editing copy","Editorial Assistant, digital: $40k + overtime
Editorial Assistant, book publishing: $32k + overtime
Syndication Producer, large media corp.: $40k
Editorial Development Associate, large media corp.: $50k (raise after outside offer)
Editor, digital: $60k
Asst. Managing Editor, digital: $70k
Managing Editor: $75k "
Editorial Assistant,Midsize trade publisher ,37000,Trans/Non-binary/White,1,New York City,Reading 500+ pages of manuscript submissions a week. Writing jacket copy. Mailings. Compiling image and text permissions. Managing multiple interns. Communicating with authors and agents about payments. Meeting with authors and agents to acquire new projects. ,
Digital reporter,Midwest daily newspaper,"$28,000 ",Cis white female,2,,,
wellness editor,mindbodygreen,"$68,000 ","cis female, white",10,remote,"core duties: write/edit ~40 stories per month, including feature writing","senior editor $62,000, senior associate editor $48,000, associate editor $37,000"
Staff Writer,Minute Media,"$35,000 ",cis white man,1,NYC,"Write up breaking news/SEO-generated stories, report on gaming and esports. Occasionally edit stories, research Google trends, organize dept. charity work. brainstorm for RFPs.",worked as an unpaid intern for ~1 year before being offered the position
Business Channel Director,MJH Life Sciences,"$62,000 ",White,20,"Lenexa, Kansas","Editing, writing, programming events",
News Leader,MLive.com - Advanced Publications,67000,cis white male,9,Michigan,Overseeing the day-to-day operation of the newsroom.,"Reporter - $42,000; News Editor - $36,000"
Editor,Monocle,"£43,000",Cis white female,6,London,,"Managing Editor, Copy Editor"
Associate Editor,Monthly Music Trade Pub,"37,000 + Bonus",Cis White Male,1,Chicago,,
Editorial Fellow,Mother Jones,$15/hour plus $200 monthly health stipend ,non-binary,3,San Francisco,"Fact checking, reporting, writing for the web and print magazine",
Writing Fellow,Mother Jones,37.5K,White,2,New York City,"Social media managing, analytics reporting // video editing, producing, scripting // writing for online // audio producing, editing, scripting //",Freelance content creator
Senior editor,Mother Jones,"Over 75,000",Cisgender,,San Francisco,,
Associate Producer,MSNBC,"60,000",White Male,8,NYC,,
Empowered Jouranlist ,MSNBC,"$50,000 ","Trans-racial, agender, ceterosexual, pyrofox, aboriginal furry of color",8,"San Francisco, CA","Writing articles on the struggle of People and Furies of color, fighting patriarchal oppression through powerful words that target the racist institutionalized institutions. ","$42,500 "
Associate Web Editor,MSP Communications,"$32,000 ",Cis white Female,6,Minneapolis,"-Assist or lead newsletter production (two newsletters a week, plus three more monthly) .     -Write 2-4 web articles daily, 1-2 enterprise pieces weekly for the website - contribute stories for the monthly print magazine -occasionally assist in fact checking",Police and Towns reporter for a regional daily newspaper in Massachusetts
Researcher / Editor,Multiple (freelancer),"~$86,500",cis latina female,5,NYC,"Two primary clients with stable contracts as full time freelancer. For one research and writing. For the other, editing, social media, writing.","unpaid editorial assistant; freelance documentary producer; $48,000 reporting fellow; $52,500 reporter; $60,000 editor; $62,500 editor; $86,500 current from two primary clients"
Senior copywriter / CEO,my own,1000 CZ/hour,white female,15,"Prague, Czechia","strategies, new business, supervision, creative direction ",
Freelance Travel Writer,N/A,"$85,000 on average ($60K-$120K)",Married straight white female,2,Florida,Various journalistic assignments and copywriting projects,N/A
Senior Editor,NAPCO Media,"$63,000 ","Cis female, white",9,Philadelphia,,
Editorial Intern,National Audubon Society,$15/hour,,1,NYC,,
Coordinator,National Geographic,"$55,000/$26.45 hourly",cis POC female,3,Washington DC,"Handling business development, editorial, marketing, administrative needs for various media products.","Administrative Associate (FT at a university in Washington DC)  - $20.59 hourly
"
Senior Producer,National Geographic,"71,000",white cis female,10,"Washington, D.C.","Social media management/strategy, audience development, writing stories",Previous: $60K working at nonprofit
Photo Editor,National Geographic,"62,000",Cis White Woman,4.5,"Washington, DC","Hiring photographers, ingesting, tagging, uploading photo assets, supporting magazine, books and channels",Contract Video Producer at Education Week: $37 hourly; Video Producer on Campaign: 65k; Managing Multimedia Editor at The Urban Institute: 64k; hired by Urban Institute out of college in 2015 at 47k annually.
Photo Editor,National Geographic,"57,000",CIS Female / White,8,"Washinton, DC","Edit visual stories, pitched ideas, sent photographers on assignment, manage IG account","51k for associate photo editor role, 57k for photo editor"
Digital Producer,National Geographic,"57,000",white cis female,3,Washington DC,"Build, photo edit, and headline daily digital stories. Occasionally write and research. ",Copy Aide at Washington Post: $15.50/hr; Production intern at Pulitzer Center: a monthly stipend that worked out to less than minimum wage
Editorial Director,National news site,"90,000",white cis female,11,NYC,"Overseeing a newsroom of 10 people, developing and executing editorial strategy, editing and planning all major editorial franchises (columns, events, video, etc.) ","In order: Intern (free) Research Assistant (stipend) Staff Writer (35k) Intern again (20/hour) Blog Editor (45k) Social Media Editor (50k) Managing Editor (50k) Editor-in-Chief (internal promotion, but still 50k) Editor (55k) Weekend Editor (25/hour) Managing Editor (70k) "
Bureau Chief,National Public Radio Affiliate,"34,000",Male/South Asian,3,,"Editing, pitching, reporting stories for the region. Occasionally producing live.",
Editor in Chief,National Trade Magazine,"85,000",White cis female,10,Bay Area,"Run a bi-monthly magazine: editing, assigning, writing, strategy (I was the only editorial staff member)",
Editorial Director,national travel magazine,72000,White gay male,20,Southwest US,Oversee entire editorial department,
Vice President Communications,NBA Team,"185,000",Female/Caucasian,10,Tri State Area,Lead all communications for not only team but arena,
Production assistant,NBC,"$17/hr +overtime (~$37,000)",Female / asian,1,Connecticut,"Live chyron operator, graphics producer, tape producer",
Editor,NBC,"69,000",Female / caucasian ,6,NYC,,
Senior Writer,NBC News,"$180,000 ",White female,40,New York,Doing it all - solo specialist writer also editing and reporting for a digital news vertical and for TV,"Previous salary as an editor at a magazine @ $120,000"
Managing Editor,NBC News,"115,000",White CIS Female,15,NYC,,Senior editor @ 90K; Editor @ 75K; Assist. Ed @ 55K
Associate Producer,NBC News,80000,white woman,4,New York,everything under the sun for audio production,
Reporter,NBC News,120000,Cis WOC,8,New York,"enterprise, investigative reporting, some breaking news/daily news","72k (reporter), 26k (reporter), 8k (Freelance reporter - I had other part time jobs to supplement)"
Producer,NBC News,"94,500k ",Asian American Cis Woman,4,New York City,Oversee editorial calendar and all production/shooting/editing/graphics for a vertical,Senior Producer for national magazine @ 75K / Associate Producer at national magazine @ 55K
Associate Producer,NBC News,60K,female hispanic,3,Miami,"field producing, newsgathering, translating, DJing, live shot coordinations, logging, gathering footage for daily package, pre interviewing, interviewing, booking, social media newsgathering ","production assistant, associate producer paid as intern, intern "
News Associate,NBC News,"$17.50/hour with 1.5x the hourly rate for any time greater than 40 hours per week. $6,000 starting bonus.",Male/Middle Eastern,0,"New York City, NY",Research,Student
Reporter,NBC News,"$65,000 ",Cis WOC,5,NYC,"Breaking news coverage/newsgathering, social forensics/verification/osint, write stories for NBCNews.com, contribute editorial/production to Today Show/Nightly News/MSNBC etc.","Researcher: $18/hr plus overtime; Assignment Editor: $55,000 with yearly 3% increases"
Reporter ,NBC News,"85,000",still one of the only black people,5.5,New York,"daily reporting, enterprise ","75K (reporter), 49K (reporter), 37K (reporter) 29K (reporter)"
Associate Producer,NBC News,"$75,000 ",Asian American Cis Female,2,New York,"Field produce interviews and b-roll shoots, cover and shoot trials, booking interviews, shoot, write, and edit social media content in tandem with on-air pieces. Assist with scripting, research, fact-checking and pre-interviewing. Work with NBC affiliate and promo teams to plan week of air coverage.
",NBC Intern $10.50hr // NBC Program Coordinator $17hr + time and a half overtime // NBC Assistant Producer $21hr + time and a half overtime
Video Producer,NBC News,"$90,000 ",Cis_het woman of color,8,New York,"shoot/produce/report/edit videos for enterprise/feature stories, both field and studio production ","Producer at a digital startup, started with $60,000 and ended with $70,000"
Sr. Video Producer,NBC News,"110,000",Female,10,New York City,"Shoot, Edit, Produce",
Reporter,NBC News,100000,CIS WM,6,NYC,,
Production/Development Coordinator,NBC News,54600,cis white female,2,New York,,
Assignment Editor,NBC News,"60,000",White Female,2,New York,Coordinate coverage for breaking stories,
Show Producer,NBC Owned Stations,"49,000",cis white male,3,San Diego,Produce a daily news show and write for the web,
Video Producer/Editor,NBC Owned Television Stations Group,"78,000",cis white male,10,New York City,Editing and posting web videos to websites and social media,
Digital Multimedia Journalist,NBC Owned Television Stations Group,"$65,000 ",Cis Woman / Asian American,4,New York City,"Writing breaking news, stories, social posts, posting wires, managing website, editing photos/videos, producing digital videos","$72,000 as Digital Editor at another NBC Owned TV Station / $47,000 as NBC OTS Digital News Associate"
Associate producer,NBC Sports Bay Area,"$50,000 ",Carry on!!,2,San Francisco,"Managing social media accounts, producing segments on pre/postgame shows, pitching ideas for shows, fill in producing, producing local sports hits/news updates, fill in producing live shows ( for no extra salary), field producing live events, producing feature stories ","2016: $45,00 2017: 46,500 2018: 48,500"
Producer ,NBC Sports Bay Area,"$78,000 ",Cis  white male,6,San Francisco,"Stacking show rundown, communicating with staff, managing talent, boothing live shows",
Associate Producer,NBC Sports Bay Area,"$50,000 ",Cis white male,2,San Francisco,"Produce segments for pre/postgame shows, fill in produce hour broadcast shows, manage social media accounts, produce feature stories, produce/edit news updates and local sports segments, field produce","2016: 45,000 2017: 46,500 2018: 48,000"
Show Producer,NBC Sports Bay Area,"$78,000 ",Cis white male,6,San Francisco,"Create ideas for pre/postgame shows, stack rundown, manage production/technical crew/talent, booth shows, produce feature stories, produce/edit news updates and local sports segments","Associate producer: $50,000"
digital journalist/editor,NBC Universal,"95,000",cis WOC,10,LA,"Write enterprise stories, copy edit myself, assign out to freelancers, post to social media","$33,000 - local TV news producer, mid-market // $52,000 - local TV news digital director // $75,000 - local TV news senior digital reporter/editor, Top 10 market"
Graphic Artist,NBC Universal,12694,Cis White Male,13,New York City,"Create still/motion graphics for a daily show in 2D/3D on a very tight turnaround schedule.  Also handle requests for show packaging, sales and ad requests, support the scenic art directors and wardrobe department.","Freelance motion designer from 2007-2014, salary ranged from $65K-$200K.  I worked extensively within MTV Networks which paid well by comparison and occasionally worked as a freelancer for ad agencies which generally paid the highest day rates."
Graphics Editor,NBC Universal,"$95,000 ",White female,9,NYC,"Created and maintain the style guide, produce daily graphics, social graphics, original reporting, web development ",
Digital Producer,NBC Universal,79000,Cis Male / Indian,5,"Washington, DC",,"Producer (50,000), Associate Producer (44,000), News Assistant (15.75/hr)"
Senior Editor,NBCUniversal,96K + 12K bonus,white cis female,8,NYC,"assigning + editing stories, writing newsletters, general copywriting",
editor in chief,nebraska daily,140000,bisexual female,8,nebraska,,
Reporter/Producer,NET,"$38,500 ","cis white female
",~3 years,Nebraska,"reporting, audio production, substitute radio hosting","$7.25/hr intern, NPR member station; $13/hr, intern, NPR HQ in DC"
Reporter,New Orleans Public Radio,"45,000",cis white male ,5,New Orleans,Beat reporter,"Freelance reporter, intern, morning host"
Visuals journalist,New York Daily News,"$47,250 ",WOC,2.5,NYC,Creating/updating the site's photo galleries,"$45,000 from April 2017 to Jan/Feb 2018, $47,250 onwards."
Breaking news reporter,New York Daily News,"$60,000 ",White female,4,NYC,"Breaking news, crime, politics, features",
Deputy editorial director,New York Magazine,"$150,000 ",F/W,,New York,,
Vertical Managing Editor,New York Magazine ,"65,000",Cis Female / White ,4,New York,,
Associate Editor ,New York magazine/ Vulture,"71,000",cis white woman ,5,NYC,"Blog writing, create multimedia content.",
Audience Engagement ,New York Magazine/Vox,"55,000",White cis woman,2,NYC,#NAME?,"Interned all four years of college, 3 years of which were in legacy media, this is my first full time job. "
staff writer,new york media,"$56,000 ",black woman,5,"new york, ny","news posts, longer stories, weekly listicles","assistant editor ($40k/$50k)
editorial assistant ($35k)
editorial fellow ($30k)"
Overnight Producer,New York Post,"52,000",,1,NYC,"Post content online overnight, produce iPad app",
Associate digital editor,new york post,"$64,000 ",white cis female,5,new york,edit and publish syndicate stories to site,Associate reporter/producer and reporter/producer 
Reporter,New York Post,"80,000",Cis white male,4,New York City,Daily reporting for print and web,Reporter for NYC-based news website at $50k; Reporter for Long Island weekly newspapers at $36.4k
Reporter,New York Post,"$56,000 plus OT",cis-het white female,4,NYC,beat reporter,
Reporter,New York Post,"67,000",White female,6,New York,,
Reporter/Runner (PT),New York Post,$18.75/ hour,White Cis Woman,1,New York City,"In-the-field reporting on breaking news, local politics, pressers, courts, etc throughout the five boroughs and often beyond; send notes from assignments back to rewrite desk; typically work four days a week with various shifts including overnight","News intern at the Staten Island Advance - hourly minimum wage  (around $13/hr at the time), News editor of College Paper - unpaid "
Reporter,New York Post ,"70,000 plus OT",White Latina ,6,New York ,,
Senior Reporter,New York Post - Page Six,"73,000",Cis white female,7,New York City,"Writing 4 daily news posts for the site, editing stories, managing junior reporters, occasionally writing for print","$65,000 / Social Editor / i-D"
Temporary Associate Producer,New York Public Radio,$43 per hour,female Latinx,2,New York,"booking studios and guest, scripting, cutting tape",
Producer,New York Public Radio,"72,000",white,5,New York,"Book, project manage, produce and panel interviews, edit, score, mix, online etc... basically most components of the project i'm working on.   ",Started at $62k for coordinating producer position in public media in a different country that tends to pay better salaries in general
Senior editor,New York Times,"$195,000 (plus bonus, usually $40,000)",M/White,40,New York,"editing, supervising staff of 18",LOL
senior editor,New York Times,"$128,000 base + bonuses (~$10,000)",cis biracial man,7,New York City,"edit, assign articles for web, putting together print packages","hired as senior editor at $107,000 in 2017"
Staff reporter,New York Times,"$103,000 ",Female/non-white,3,NYC,Reporting breaking news and enterprise,
Staff Report,New York Times,120000,Straight White Male,3,New York ,Reporting on my beat,
Staff Editor,New York Times,"$103,000 ",cis-female/black,3,New York,"assign, edit and (sometimes) write articles","fact checker, 68,000/ fact checker, 30,000 / intern, min wage"
Reporter,New York Times,"$109,000 ",cis white woman,8,NYC,political/national reporting,
Staff editor,New York Times,"$125,000 ","Male, white",20,New York,Assigning and editing opinion articles,"Opinion editor, Guardian (also about $120,000)"
Reporter,New York Times,"$95,000 ",WOC,4,New York,"Report + write news, features and profiles",
Reporter,New York Times,"$140,000 ",cis male nonwhite,9,not NY/DC,"mix of enterprise reporting, features and breaking news",
Deputy Off-Platform Editor,New York Times,"180,000",Female POC,3,NY,Lead the team handling coverage and distribution of our journalism across platforms,Held director level position at another media company. 
Feature Writer (freelance),New York Times,$800-$1300 per story,f/w,20,NYC,"Write 2k-3k word features for various sections, 12 section covers in last 10 years. No longer get expense reimbursement. No longer get a contract. No longer offered a word rate or story fee until after story runs. No kill fee. Obv no benefits.",$4/word for national magazine features.
Deputy Editor (Department),New York Times ,130000,cis-male-white,18,New York,Coordinate content among departments,
FACT-CHECKER,NEW YORK/VOX,"42,000",CIS WOMAN,1,NEW YORK,,
Reporter,News & Observer - McClatchy,"$35,000 ",white cis female,2,Raleigh NC,,
Head of Social Media,News Corp ,"120,999",Male/White,14,,,
Digital producer,"Newscorp, News Regional Media","$65,000 ","White, straight, male",8,"Brisbane, Queensland, Australia","Edit several news websites, run social media, manage junior staff, edit stories for online, maintain subscription KPIs and run subscription driving campaigns.","$69,000, senior journalist, The Daily Mercury in Mackay, Newscorp/News Regional Media."
Reporter,Newsday,"$65,000 ",white female,9,Long Island,,
Multimedia Producer,Newsday ,65000,"Cis, bi female ",4,"Long Island, New York ","Photographer, videographer, video editing ",
Reporter,Newspaper,"$34,000 ",cis white/Latina,1,"Pikes Peak Region, Colorado","Report and write 2-4 stories/week, take photos, some social media & webbing",
Senior Culture Writer,Newsweek,"50,000",cis white woman,2,NYC,"Writing reported features for the magazine as a senior writer, writing 4 news posts a day as a staff writer","Hired at 50 as a culture writer in 2017, negotiated up from original offer (45k). At that time I had 2 years of experience."
Science Writer,Newsweek,"$39,000 base + max $2,000 monthly bonus, depending on page views","cis, bisexual poc female",1,NYC,Write and report 2-5 articles a day on science news,n/a
staff writer ,newsweek,$50k,cis female /white ,3,NYC,3-6 posts per day plus enterprise features ,
Branded Content Writer,Newsweek,$750/week,White Enby,10,New York,"Three articles/week including research, interviews, pitches",
Reporter,Newsy,"$49,108.80 ",Cis Female / Asian American ,5,"Chicago, IL","Beat Reporting, Video Editing, On-Air Anchoring/Voice-Overs.","Freelance Photographer/Videographer (< $20,000), General Assignment Reporter ($32,000)"
Editor,Newsy,"63,000",cis woman of color,15,Chicago,copyediting,
Producer,Newsy,"75,000",Cis woman / white,9,Washington DC,"Producing videos, reporting, project management, scripting writing","95K - story editor (2017)
62K - producer (2015)
45K - multimedia editor (2013)"
Reporter,Newsy,"59,000 + OT","cis, male, white",9,"Chicago, IL","Beat reporting, video editing, on-air anchoring + VO ",
Digital Producer,Nexstar Broadcasting,"$41,000 ",Cis white woman,7,x,"Write and produce stories for web, manage homepage, send push alerts, manage social",x
Reporter,Nexstar Broadcasting,"35,000",Cis white male,3,New England,Reporter,
Digital Producer,Nexstar Broadcasting ,"$25,500 ",Cis white female,1,Texas (smaller town),"Scheduling social media posts, finding content for the website, writing stories for web (crime, breaking news, fluff pieces - pretty much anything)",First job/entry-level; I am paid around what a typical MMJ would be in a similar market with the same experience. 
Data reporter,NJ Advance Media,"$50,000 ",Male/White,3,"Woodbridge, New Jersey",Use reporting and open records laws to find and collect data; use python and other tools to analyze data; report stories based on data; make charts and other graphics to visualize data.,"Government & data reporter - $38,000"
Social Media Specialist,NJ Advance Media (NJ.com and Star-Ledger),"$43,492.80 ",Female / White,3,"Woodbridge, NJ","Post an article to Facebook every hour for 8 hours, adjust article headlines as necessary to make them more social-friendly, adjust feature photos on articles as necessary to make them more social-friendly, monitor Facebook comments, monitor Facebook analytics and re-evaluate status copy 10 minutes or so after posting if the post isn't getting the engagement we expected, post to Instagram 5 times per day, monitor Instagram comments, conceptualize and design graphic cards to accompany article links on social media (Twitter, Insta, FB) and to stand alone on the accounts (NJ celeb birthday cards, weather-related graphics, memes, share data points in visual ways), constantly refresh website to ensure no breaking news stories are missed, keep up-to-date on social media trends on different platforms, post at least one Instagram story each week, partner with reporters to design and implement social media rollout plans for big stories and projects, utilize CrowdTangle to see what stories are ""popping"" on competitor's social media pages and to come up with potential new story ideas to pitch to editors, maintain calendar of events/National Holidays/anniversaries that can potentially have a social play, check Twitter messages every day and reply to users, check Instagram comments every day and reply to users, reply to commenters on Facebook and Instagram to answer their questions or engage in witty banter",Copywriter - $49K; Communications assistant - $40K
Production Assistant,NJTV News,$18.75/hour,,2,NJ,"Pitch and produce TV story elements, work on social media, write digital copy",
Magazine editor,non-profit consumer organisation,"£59,000",white woman,30,London,"Sole responsibility for technology print magazine with lots of subscribers, plus ownership of some web content",Many national newspapers plus experience of leading/creating content for corporates
Director,Non-profit media,"70,000",Cisgender mixed race male,5,"Washington, DC","Writing, editing, strategy, and direction","$40,000, $45,000 -- Researcher; $60,000 -- Director"
Photographer,Non-profit Media ,50000,POC / Cis / Male ,5,Texas,"Photography, photo editing, web layout/design, videography and editing","Video Producer in NYC: $62,000, Multimedia Producer in TX: $20K (part-time)"
Senior Editor,Non-profit national radio show/podcast,"107,000",cis female Asian American,9,SF Bay Area,"Manage reporters, evaluate pitches, assign stories, edit stories, participate in hiring processes, go to lots of meetings","Freelance audio reporting/editing, $75-$100/hr; Managing Editor, $72,000; staff reporter/producer $50,000; contract reporter, $500-$1000 per story"
Mid-Level Reporter,Non-Profit News (don't want to say which),"98,000 + 20% 401K contribution","cishet woman, POC",9,California,business beat,"All positions included bonuses ranging from $3K-8K, depending on company's performance.
HuffPost: Senior Health Editor/Reporter: 74K (2018)
HuffPost: Senior Health Editor/Reporter: 60K (after unionizing, bumped up to 70K)
HuffPost: Health Editor/Reporter: 52K
HuffPost: Assoc. News Editor: 40K
HuffPost starting salary: 35K (2011)"
Reporter,Non-profit outlet ,"$90,000 ",Cis POC Female,10,San Francisco Bay Area,"writing, reporting",
Associate Editor,non-profit/journalism outlet,"72,500",female identifying/white,6,,editing/copy editing/fact checking/writing,"45,000 web assistant editor for national publication"
Investigative Reporter,Nonprofit,"$60,000 ",cis white female,3,Chicago,"Report and write investigative stories, shoot photo/video, data analysis ",
Communications Specialist,Nonprofit,"$31,137.60 ",White male,1.5,Midwest,"Newsletters, press releases, social media, grant writing, event planning","News Producer ($18K-$28K), Feature Reporter ($29K)"
Senior editor ,Nonprofit media ,"75,000",cis white female,10,NYC,"Assigning/editing news, features, and some managing roles. ",
Developer,nonprofit media company,82000,white | male,6,California,"frontend dev, dev ops, backend development, data visualization",Web Manager ($68000)
engagement editor,nonprofit news,"$40,000 ",private / white,2,,"manage social media channels, produce web stories, plan engagement and web presentation for large projects, copyedit, direct art for web, make graphics sometimes","$35,000 with the same title, $35,000 with an assistant editor title"
Editor,Nonprofit news outlet,"55,000",cis bi poc male,13,Southeastern U.S.,"Editing, managing team, social media","Got myself up from $32,500 to $40,000 as a subeditor with a strategic transfer with my previous company. Before that, was a managing editor at a nondaily making $27,000 a year. Made about $23,000 at my first reporting job."
Editorial Assistant ,Nonprofit news outlet,"62,000",South Asian,1,New York,,Publicity Assistant (for a year)
Senior editor,Nonprofit news outlet,95000,Cis white male,10,East coast,"Enterprise reporting, investigations, breaking news, events, multimedia",Started at $28k a decade ago
Writer,Nonprofit News Site,"60,000",Cis POC Woman,2,New York City,,Web Producer $41-45K
senior writer,nonprofit news site,"100,000",cis white female,9,NYC,report news and features,"science writer ($55,000)"
Reporter,Nonprofit newsroom ,"$58,000 ",cis white female,5,Chicago,"Investigative reporting, plus daily and enterprise work when needed",
Editor,Nonprofit online news,"$43,000 ",white cis woman,2,"Washington, DC","Assign, edit and produce stories; contribute content; all social media duties",
"Content Producer, Writer & Coordinator",Nonprofit Organization,"$69,000 ",Female POC,7,New York,"Content strategy, content coordination, writing, content production ","$40,000 Communications Associate"
Senior Reporter,Nonprofit outlet,"$47,500 ",cis het Male/POC,8,New York City,"reporting, writing, some editing","Starting salary $25,000/staff reporter"
Investigative Journalist,Nonprofit outlet,"$48,000 ",Straight White Male,5,Washington D.C. ,"FOIA, source generation and interviews, open source and database research, for projects I conceive and pitch and for my coworkers, along with some oversight and consulting on organization wide projects ",Started at $40k
Senior writer,Nonprofit science news,"57,000",Cis white male,5,"Washington, DC",Monthly features,"Junior science comms writer (2 years), 46,000"
Associate Producer,NowThis,"57,500",,2,New York,"editing social video, producing/shooting original content, writing scripts",
Associate Producer,NowThis,"53,500","White, cis, female",4,New York,"Studio Producing, Videography, Coordinating/Scheduling, Equipment management",
Producer,NowThis,"67,300","Woman, latina",2,"New York, NY",Reporting/producing/shooting/script writing/editing original video content; hosting,Associate Producer 57000
Producer,NowThis,73K,Cishet W woman,3.5,NYC,,Associate Producer
Editor,NPR,$105k,cis white man,4,DC,audio side,
Temporary Producer - Social media desk,NPR,"45,000",cis white male,1,"Washington, D.C.",,"Didn't negotiate, was made to feel like I couldn't (you totally can). Union has negotiated minimum salaries for all temp workers"
Assoc. editor,NPR,"$82,000 ","Male, white, straight",9,New York,"Editing, commissioning, producing","Editor, writer"
Assistant Producer,NPR,"$70,000 ",Cis white queer female,1,DC,"Strategy for emerging news experiences - includes expertise in tech and media, audio production, journalism and tech ethics, etc. ","Intern x4, from $0-13.50"
Data journalist,NPR,"$103,000 ",male/white,5,DC,"Analyze data, write stories for npr.org, create data visualiziations",Staring salary: ~$90k (minimum for union band Editor I)
Reporter,NPR,"135,000",Woman/POC,10,DC,Beat reporter covering stories for radio and digital,Previous job as an editor for a broadcast news network paid $140K
Assistant Producer,NPR,"$70,000 ",White cis-het male,3,"Washington, DC",Manage social media accounts for a vertical; audience engagement work; produce digital stories for web; write for newsletter; occasionally write/report web stories,"Prev. job as social producer at small political newspaper: $50,000 starting salary; raised to $55,000
Began NPR job at $65,000"
Digital Editor,NPR,97300,Male/Hispanic,15,"Washington, D.C. ",,
Social Media Strategist,NPR,"60,000",Cis Het Female/White,2,"Washington, DC","Manage social media channels on several platforms, including writing copy, community management, visual asset curation, and inbox response. Work with interns. Assist with art direction. Attend live events - capture content, engage community IRL, live post. ","$37,500 Production Assistant at a different company"
Correspondent,NPR,"140,000",Cis white female,25,DC,,
Senior editor,NPR,135000,"Female, cisgender, Asian-American",10,"Washington, D.C.",Ran a digital team,
Editor I ,NPR ,"$100,000 ",White woman ,15,DC,,
Reporter,NPR affiliate,"$47,000 base, ~$55k with overtime",cis white man,4 years,Mid-Atlantic,"Cover daily news, report features, draft web copy, manage some special projects","$42k original offer, negotiated $45k, raise after ~1 year"
Reporter,NPR Affiliate,"$52,000 ","White, non-binary",3,Midwest,"Reporting, data journalism, graphics visualization","hired at $48,000; $28,000 editorial assistant at different outlet"
senior online producer,NPR affiliate,"$80,000 ",cis white female,15,Los Angeles,"reporting and writing stories, overseeing a vertical on the radio station's site, assigning stories, editing stories, managing editorial calendar and budget, helping turn online stories to broadcast ones and broadcast stories into online stores, occasionally appearing on air, occasionally covering broadcast news. ","writer, reporter, editor, online producer"
Reporter,NPR Affiliate,"52,000","white, non-binary",3,Midwest,"Reporting, data journalism, data visualization","Hired at $48,000; previous job $28,000 editorial assistant"
Production Assistant,NPR Affiliate,"$49,000 ",cis white female,2,NYC Metro,"audio production, help with administrative aspects of running an office","unpaid internships, $12/day as intern at WNYC, $25/hour as temp at WNYC, $12-13 hour as desk assistant at a commercial station"
Program Manager,NPR Affiliate,"65,000",white cis female,5,Boston,,
Production Coordinator,NPR Affiliate,"$42,000 ",white cis female,1,Boston,"Daily research for public radio news magazine, audio production, booking, digital writing, show direction.",3.5 years as local daily newspaper reporter.
Digital News Editor,NPR Affiliate,"$37,000 ",Male / White,3,Columbus,"Editing and producing digital news content, reporting breaking news online, managing social media, photography, occasional radio reporting",
Engagement editor & reporter,NPR affiliate,"$43,000 ",cis white female,2,Wisconsin,"Social media management, newsletter curation, metrics reporting, grant writing assistance, reporting","$11/hr at Vox (intern), $12.50/hr at WI media non-profit (intern), $7.50/hr Wisconsin political outlet (intern)  "
News editor,NPR affiliate,"$63,000 ",white cis woman,14,midwest,"coordinate and edit broadcast & print of several reporters, set coverage priorities, communicate with national shows, contribute reporting as necessary/possible","previous salaries ranged from $37,000 to nearly $80,000"
reporter,NPR affiliate,"47,500",cis white hetero woman,6,Texas,"report, write, and produce stories for radio and web","reporter: $42,000"
Digital Producer,NPR affiliate,"$63,000 ",White cis straight male,4,Upper Midwest,"Write/report/edit digital and radio stories, social media, digital presentation and projects.","Associate Digital Producer -- $46,500"
Investigative Reporter,NPR Affiliate,61800,,9,Southern California,,
Reporter,NPR Affiliate,"$52,500 ",white female,5,Baltimore,report breaking news and enterprise story for radio and web,"temp reporter at NPR, $70,000
temp reporter at WAMU, $51,000
temp producer at NPR, $45,000
intern at WNYC, $12 a freakin day (they have since begun to pay interns)"
News Director,NPR Affiliate,"$51,000 ",CIS White Male,12,Upstate New York,"Edit scripts, write scripts, prepare newscasts, on-air","Started as a news producer in 2008 at $26,000"
Podcast/Radio Host,NPR Affiliate,75000,Male / Cis / White,8,New Hampshire,"Reporting, Editing, Audio Production... an ""everyone does everything"" kinda shop","Started at $40,000 in 2011 and worked way up"
Reporter,NPR affiliate,"52,000",White male,3,Atlanta,"Beat reporter: web, audio, reporter radio features, interviews with hosts, etc. ",
Reporter,NPR affiliate,"53,000",cis white female,5,Rocky Mountains,Politics/government beat coverage; write newsletter and produce a podcast.,At my current station: $12/ hour part-time. Hired on full-time at $40k
Co-Host/Producer,NPR Affiliate,"$56,000 ",Cis Female / East Asian,1,Midwest,"Writing, Pitching, Producing, Interviewing, Hosting a Podcast",
"Reporter, Producer, Host",NPR Affiliate,"30,000",Cis WOC,2,,Report/produce daily news content; fill-in board operator/newscaster,
Reporter,NPR Affiliate ,"$50,000 ",Cis-Queer-White-Male,2,Midwest,"Cover daily news, report features, write web copy, shoot photos",NPR affiliate fellow: $25/hr (part-time)
GA Reporter,NPR affiliate ,"43,520","cis gender woman, black",,Midwest,pitch daily and enterprise stories for air/web,intern $12hr
Reporter,NPR affiliate ,"44,000",White bi female,5,Midwest,Reporting daily and enterprising stories ,
Associate Producer,NPR affiliate ,"$45,000 ",cis white female,3,Boston,"Produce a weekly two-part local news program from start to finish. Duties include but not limited to: Generating ideas for segments, booking, social media, managing interns, writing scripts, pulling archival tape for interviews, writing promos, filing invoices for regular contributors and writing show weekly newsletter.",44k as a contract news assistant at NPR National.
Digital Producer,NPR affiliate in D.C.,"65,000","cis-female, bi-racial (white/south asian)",1,"Washington, D.C.","audience engagement, social media posting, website wrangling, occasional on-air production, other duties as assigned. ","freelance producer, $30/hr, intern ($12/hr and before that unpaid)"
Reporter,NPR affiliate station,"$50,000 ",cis female/mixed race,7,Atlanta,"reporting, audio production ",reporter
Reporter / Producer,NPR member station,"64,000",white het cis woman,9,Pacific Northwest,"pitching, reporting and producing stories for radio and digital audience","started @ 62,500 in 2018. Previously: reporter in major east coast market @ 60K. starting salary in public media was 2015, producer 38K."
Reporter,NPR Member Station,"50,000",cis white woman,5,Florida,,
Producer & Host ,NPR Member Station,"45,000","Cis, woman, white, bisexual ",2,Upper Midwest midsize city ,"Produce news magazines, produce podcasts, fill-in host shows, cover breaking news",
Reporter,NPR member station,"43,000",cis Latina ,3.5,San Joaquin Valley,Immigration reporter covering daily stories and producing features on weekly basis.,"McClatchy, reporter, 32,000"
Reporter,NPR Member Station,"$35,000 ",white cis woman,3.5,"Buffalo, NY","Pitching, reporting and producing everything from breaking news to feature stories for radio and digital (combination of general assignment and beat reporting)",Intern at WNYC ($13/hour)
Inclusion Reporter,NPR Member Station,"41,000",Latina Cis Woman ,5,Michigan,,
Reporter,NPR member station ,"69,000",Cis white woman,11,Boston,Report and write stories,"Reporter, online news organization, $75,000; reporter Midwest daily, $60,000"
Senior Editor,NPR Member Station (Top-10 Market),"92,700","Cis, Latino/White",13,East Coast,"Determine coverage w/several reporters, edit radio and digital stories, cover and edit breaking news, develop podcast, light social media work","Senior Producer at a podcast startup, 80k; Senior Producer at an NPR distributed show, 70k; Producer at a PRI distributed show, 55k"
Janitor,NTY,"$19,000 ",Hispanic,15,New York City,Cleaning,
"Reportera, redactora",Nuestro Diario,Q6250,Ladina,9,Guatemala,"Reportear, investigar, entrevistar a fuentes informativas , redacción de material informativo, toma de fotografías y video.",
Staff Writer,NY Magazine,"87,000",Cis White Female,5,NY,Blogging + reported features for web and print,
Producer,NY1,"70,000",straight/cis/white,6,NY,,
Deputy Editor,NYC Local News,"$160,000 ",Black man,20,New York,"Edit stories, assign stories, managerial and personnel duties","$150,000 as senior editor on major national news network digital team"
Senior writer,NYDN,"$99,000 ",cis white female,18,,NYC,
reporter,NYDN,55k,male,,,,
Correspondent,NYT,"$61,000 ",cis white female,14,SF,"Reporting, researching, writing, lots of rounds with editors",
Fellow,NYT,"$74,000 ",,(all fellows are paid the same),NY,https://www.nytimes.com/interactive/2018/jobs/times-fellowship.html,
Video Producer,NYT,"$75,000 ",cis PoC woman,3,NYC,"pitch, shoot, edit, and create motion graphics for videos",
Deputy Editor (Major Section) ,NYT,"$145,000 ",CIS-Female,"15 years, 3 freelance",NYC,#NAME?,"-85000 digital producer NYT
-100000 digital editor 
-120000 senior editor"
Senior News Assistant,NYT,"74,000",cis latina female,2,NYT,"social media, reporting + writing, research and sometimes fact checking, some admin work, little desk errands here and there","news assistant -- 52,000"
News Assistant ,NYT,"65,000-75,000",cis POC woman,2,NYC,"ranges from design assistance, social media, fact-checking, reporting, writing, etc.",
Editorial Assistant,NYT,"68,000",Cis white female,2,New York,"fact checking, schedule maintaining, administrative duties","Assistant editor of a regional magazine, 28,000"
Producer,NYT,"76,000",Cis white female,5,New York,Podcast production,"Editorial assistant, 66,0000"
News Assistant,NYT,"$56,000 ",cis POC womxn,3,NYC,"Manage social, writing and reporting, contributing to newsletters, managing phones and emails, occasional fact-check and research and admin work","Editorial Intern (Unpaid); Editorial Intern ($600/$700 bi-weekly); Student Office Assistant ($10/$11); Contributing Writer (Unpaid); Contributing Editor (Unpaid); Editorial Design Intern (Unpaid); Sales Intern (Unpaid, $200/week stipend); Front Desk Staff ($11-$14/hour); Community Lead ($14)"
Metro reporter,NYT,"120,000","Female, white",8,New York,General Assignment & Investigations,"Trainee reporter (8i or ""fellow"") $75,000 [set rate] junior reporter: $95,000, metro reporter $105,000"
Video Producer,NYT,"83,000",cis PoC Woman,7,New York,"Pitching, researching, reporting video news stories. Editing video and occasional filming.","45,000 Producer & On-Camera Reporter salary; 55,000 Producer & On-Camera Reporter"
Editor (We Throw This Term Around A Lot),NYT,"122,500 (We do inflation increases yearly)",Cis-Black Queer Man,4,NYC,"I teach reporters how to do things, occasionally write stories (get paid extra for bylines) ","Video Producer (NBC News Digital) - 67,000

Video Producer (VICE News) - 50,000"
Correspondent,NYT,"129,000",CIS POC Female,15,,,
Senior Editor,NYT,"125,000",poc cis woman,8,NYC,"commission, assign and edit pieces, pitch stories","Online mag:
blog writing intern, unpaid one semester and paid second semester
writer (full-time independent contractor), 32k
staff writer/editor/podcasting (over the course of 5+ years), ~39k-82k"
Reporter,NYT,"135,000 + 10,000 signing bonus",het. WOC,8,NYC,Beat reporting,
Visual journalist,NYT,"125,000",Cis white female,7,,"Report, write, collect and analyze data, build charts, maps and interactive graphics","Data reporter / graphics editor, 120k / 88k"
Journalist,Oath (RYOT Studio),90k,POC female ,4,"New York, New York","Researching, interviewing, pitching, and writing content for all of Oath's digital entities. Also brainstorming, pitching, and creating ideas for RFPs for Oath's creative agency. ","Associate Producer, Digital Producer (65k)"
Community reporter ,Observer Media Group,"$33,000 ",Cis white female,1,"Sarasota, FL","Event coverage, enterprising features, social media, posting stories, calendar",Mizzou j-school student/Vox Magazine city life editor
"Reporter, assistant editor",Ogden,"$32,000 ",white cis woman,5,Ohio,,Military
Staff Reporter,Ogden Newspapers,$14.91 per hour,cis white male,3+ years experience,Utah,"daily beat reporting, photos, social media",
Associate Editor,Ogden Newspapers,"18,000","CIS Male, white",2,Michigan,"Write, paginate, train, manage freelancers, social media, photography... It's a small newsroom, I do it all.","Started as staff reporter in the same location after working as an editor and reporter at college paper and a one-semester internship with a non-profit. Other work experience is outside the field, but fairly extensive."
Page designer/copy editor,Ogden Newspapers,"$36,414 ",Cis male,14,U.S.,,"$29,500 page designer/copy editor; $35,000 copy editor"
Copy editor,Online nonprofit,"53,000",cis WOC,10,Remote,copy edit and fact check articles before publish; line edit if necessary; edit newsletters,"Sr. copy editor at digital news outlet in NYC: 54,000 "
Engagement editor,Online nonprofit,"45,000",cis POC female,2,Chicago,"Manage social accounts and build strategy, audience-driven reporting, work on engagement strategy for stories",First job out of undergrad. Have not received a merit raise.
Reporter,Oregon Public Broadcasting,"64,000",white cis female,9,Oregon,"pitching, reporting and producing stories for radio and digital",
Managing editor,Outdoor Content-Driven Website ,"30,000","CIS female, caucasian ",7,Montana,"Writing features and news, editing, curating content, managing writing team, social media, content mapping and planning","Senior Editor for local magazine (20k/year), Inside sales for outdoor apparel (40k/year)"
Freelance Writer,Outside Magazine,50 cents a word,Caucasian,3,"Los Angeles, CA",,
Director Social Media & Partnerships,OZY,130000,white male,4,NYC/SF,Effectively head of audience development with a social media title,"Senior Social Media Editor, Editorial Partnerships - Huffington Post"
Photo Editor,OZY media,80k,CIS Female / Hispanic,3,Mountain View California ,"Selecting stock images for general stories, hiring freelancers around the world, commissioning illustrations for conceptual stories, creating photo illustrations, data viz development, negotiating one off photo purchases, photographing in the field ",Prior to that as an associate photo editor I made $20-25 an hr on contract for a Condé Nast Publication 
"Director Social Media, Partnerships",OZY Media,"$130,000 + $20,000 equity + $10,000 EOY Bonus",White Male,4,NYC/Mountain View,Effectively Audience Development lead,"Senior Social Media Editor, Editorial Partnerships - HuffPost"
Digital editor ,Pace ,40000,I'm not answering this ,4,"Greensboro, North Carolina",Lead content campaigns for national brands ,
Section Editor,Pacific mags,$78000AUD,Woman white ,10,Sydney Australia,"creating and overseeing content for my section inc photoshoots, writing and editing. ",
Digital Manager Editor,PAPER Magazine,"70,000",Cis White Gay Male,7,NYC,Responsible for all things digital (web + social),"Digital Managing Editor at OUT, Lead Fashion Editor at Bullett"
Community reporter ,Part of a larger company,"36,000",Cis POC Male ,6,Los Angeles ,Deal with multiple agencies as part of beat that can range from long term work to breaking news. Expected to file four to six stories in a given week. ,Previously paid similar salary in similar role at smaller paper.
Local Editor,Patch,"$43,000 ",cis-het woman,3.5,"work from home,  mid atlantic",Independently run a number of local sites and cover everything that goes on in 20+ towns,
Reporter/editor ,Patch,"50,000",Cis white male,15,New England ,"Writing, reporting, photos, social media, projects","$25-32,000 as a reporter in the Northeast, Midwest"
Reporter/Editor,Patch,"$54,000 ",cis bisexual poc female,2.5,NYC,"write, report, edit, research, take photos, post on social media, manage and moderate comments and user-generated posts, curate newsletters, manage homepages, other editorial duties as needed",
Reporter/Editor,Patch,"50,000",White female,1,,,
Regional editor,Patch,"42,000",Cis het white male,1,Seattle,,N/A (entry-level)
Local editor,Patch.com,"$48,000/year",cis female/white,10,Colorado,Daily content for 9 hyperlocal sites," $40,000/year local reporter/Chronicle Illinois/Illinois
$28,000/year local reporter/Wednesday Journal  Inc./Illinois
$155/day writer United Press International"
Reporter,Patch.com,"45,000",Cis Female/White,5,"Long Island, NY","Covered all forms of local news, managed social media pages, organized news alerts and newsletters, made news judgements for team on major and regional breaking news stories",N/A
Staff Writer,Paxton Media,$12 an hour,White female,8,Georgia,"Write and cover news stories, photograph news, write monthly health magazine, social media director",
Managing editor,Paxton Media Group (Log Cabin Democrat),"$30,200 ",Female/white ,6,Arkansas ,"Writing, editing, photography ",Reporter
Video Producer ,PBS ,72000,Female,5,"Washington, DC","scripting, reporting, and producing short form digital documentaries with a photographer/video editor. ","65000, video producer "
Digital Producer,PBS Affiliate,"$42,000 ",CIS White Female,3,Salt Lake City,"Project manage team of producers/marketing personnel for ongoing digital series, host, shoot and edit video/photo, write blog posts/social copy, strategize content. ",
Senior Associate Producer,PBS Affiliate,"49,500 USD",White cis woman,7,Midwest,"Editing social and short digital video deliverables, research and writing for development, project management","1750 per week as a digital director/story producer, previous titles include field producer, producer, field coordinator, casting AP, video consultant"
Producer,PBS NewsHour,"75,000",Cis woman / white ,5,"Washington, DC",,
Reporter-Producer,PBS NewsHour,"$47,500 ",Female/White,3,Washington DC,"Outline, script, produce day-of news segments on tight deadlines. Edit and cut news summary VO/SOTs, script shorter news summary scripts. Create infographics. ","$22/hr, freelance associate producer, researcher"
Desk Editor,PBS NewsHour,"$60,000 ",CIS Asian Male,15,"Washington, DC","managing desk, breaking news, ingest, field crews, production operations, etc","Prod Coordinator ($250/day), Studio Tech ($62k/yr), Line Producer, Multimedia Producer"
Junior Graphic Designer,PenFed,"52,000",Gay female/white,1,Tyson's VA,"Create product designs for digital ads, social posts, printed pieces, and email coding for internal use, branch use, and consumer advertising",
Assistant Editor,Penguin Random House,"43,000",Cis white woman,6,NYC,,
Editorial Assistant,Penguin Random House,"40,800",Cis white woman ,3,NYC,,
Editorial assistant,Penguin Random House,"41,000",Cis white female,4,New York,Basically a glorified administrative assistant slash editor ,"Intern, unpaid "
Assistant Marketing Manager,Penguin Random House,"60,000",white female,5,NYC,,
Senior Publicist,Penguin Random House,"61,000",Caucasian Woman,5,NYC,,"Publicist - 46k; Associate Publicist - 38k, Publicity Assistant - 33k"
Coordinator,Penguin Random House ,"41,000",White female,6,Canada,,Intern (unpaid)
Senior Editor,Penske Media (HollywoodLife),"$65,000.00 ",cis white female,5,NYC,"- Writing 8-10 stories/day, pitching, assigning, reporting, every holiday, awards show, tv event, including recaps/reactions. 
- Being on call 24/7/365 for news coverage despite PM/LA and weekend teams.
- Working a 6-8 hour awards show was rewarded with approximately 2.5 hours towards a “comp day”",
Deputy Editor,Penske Media Company,95,cis white woman,8,NYC,,
Deputy editor,Penske Media Corporation,"90,000",Cis gay black male,10,New York City,Literally everything.,
Reportera de Sociales y Cultura,Periódico Abc de la Costa,4000 MXN / por mes,Mujer latina,6,"Lázaro Cárdenas Michoacán, México","Reportear, fotografíar y escribir todo lo relacionado a Sociales y Cultura de mi ciudad",
Senior editor,Personal finance website (too small to name),"$71,000 ",Cis white female,12,Florida,,
Digital producer,Pew Research Center,~60000 after tax ,Cis white woman ,5,DC,Manage digital production + more for a key and valuable project. ,
Reporter,Philadelphia Inquirer,"$62,000 ",cishet white female,6 years ,"Philadelphia, Pa","Reporting, writing. The usual.","Reported at various other local news pubs, started at $50K, then $55K now ~$62K"
Reporter,Philadelphia Inquirer,"$66,000 ",cis poc female,8 years,Philadelphia,reporting and writing,"Started at $30K for a grant-funded, 30-hour/wk job that was essentially full-time w/ no benefits, then online publication where I started at $31K as a full-time reporter w/ no benefits, eventually got benefits and worked up to $50K after five years and becoming editor "
Digital photo editor,Philadelphia Inquirer,"$62,000 ",cis hetero white woman,5,Philadelphia,"Curate images for stories on website, build galleries, help develop visuals ideas, advise and troubleshoot photo issues, visual quality control online, make selections for print paper as needed","Reporter @ The Journal in Martinsburg WV: $24,960 - Reporter @ The Charleston Gazette-Mail in Charleston WV: $27,200 (started at $26,500) - Photo technician @ The Salt Lake Tribune in Salt Lake City: $36,500 - Digital media manager @ The Salt Lake Tribune in SLC: $39,000"
Digital Editor,Philadelphia Tribune,"60,000",Female,10,Philadelphia,"Managed newspaper website, updated breaking news, managed social media, video stories",
Segment Producer,Pilgrim Media,$1800/week,Female Latina ,20,"Los Angeles, CA","Pitch stories, pre-interview, vendor outreach, trade outs, shoot outlines, schedules","Associate producer $1750/week, writer/producer $2000/week"
Copy editor and page designer,Pittsburgh Post-Gazette,"60,480",Female / White,5,"Pittsburgh, PA",Copy editing and page design ,"I was hired as a two-year associate (an entry level job) and made $29K the first year, $31,850 the second year, then got bumped to $46,526 the third year. "
Reporter,Politico,"$100,000 ","Male, white",12,Brussels,"lead writer, scoops, features, podcasts ","started on $20,000 on an industry newsletter"
Reporter,POLITICO,73000,Cis white female,3,New York,Writing daily stories and working on a daily newsletter,"43000, associate editor at SourceMedia"
reporter,Politico,"70,000",male/bi-racial,7,DC,daily reporting,"53,000 at previous magazine"
Digital Producer,POLITICO,"$50,000 ",cis white female,1.5,"Washington, D.C.","Copy editing content, formatting articles for the website, arting stories, tracking stats, occasional writing tasks, other misc. jobs","Reporting intern, $33,000; Reporting intern, $400/mo"
Senior Reporter,POLITICO,"$122,000 ",White,15,,"Features, analysis news",
Reporter,POLITICO,"67,000",white male,12,"Washington, D.C.","Reporting, writing","reporter for 12 years, started at $33,000, then $50k, then $60k before this job. "
Reporter/newsletter writer,POLITICO,"57,000",cis/white,3,DC,"reporting, producing daily newsletter",
Reporter (politics),POLITICO,"75,000",White female,10,Washington DC,Reporting daily and enterprise stories,
Reporter,POLITICO,$80k,Cis white female,5,"Washington, DC","Reporting, writing","$64k (producer/reporter @ digital media company), $55k (producer @ newspaper company)"
Reporter,Politico,"72,000",Cis Asian female,7,DC,"Reporting, writing",
Senior Editor,Popsugar,"85,000",Gay female / Hispanic,7.5,New York,"Manage team, edit all stories, coordinate with sales",
Assistant editor,Popular Science,"$48,000 ",cis white female,7,New York,"write multiple stories a week for the website, edit multiple web freelance stories a week, manage a section of the print magazine (pitch, assign, and edit pieces, coordinate with art, etc.), write for each section of the print magazine, contribute to a weekly podcast, appear on 3rd party media as needed","promoted from editorial assistant, which had a salary of $40,000"
Assistant Editor,Popular Science,"48,000",White cis woman,4,NYC,"Assign/edit/write stories for online, assign/edit/write stories for the quarterly print magazine, contribute to a weekly podcast",Promoted from Editorial Assistant at $40k a year
reporter,Portland Press Herald,"50,750",white female ,24,Maine,reporter,
Web Editor,Postmedia,"50,000 (Canadian, no vacation/benefits)","Cisgender female, POC",5,Toronto,,
Reporter,Postmedia,"47,000",Female,5,canada,reporter,reporter
Multimedia reporter,Postmedia (Timmins Daily Press),"$1,362 biweekly (approx. $35,000)","White, cis, bi, female",7,"Timmins, ON","* This was an offer, which I turned down because I had already established to the company that I was making more than $10K more per year at the time. They had been searching for a reporter for several months prior and continued their search for six months after.

Five days per week (Tuesday - Saturday) with overtime. Mainly City Hall and court reporting. Some editing required. Own car required. Photography required. Some videography required. Offer was made knowing that I would be moving from Toronto; no compensation for relocation was offered.","News editor for a Toronto print magazine, staff writer and news editor for a Toronto B2B mag, editor of several ongoing special projects at said B2B mag"
Managing Editor,powerHouse Books,"$54,000 ",CIS White Male,12,"Brooklyn, NY","Oversee production, traffic digital and physical materials, vet and acquire new titles, copyedit all titles, oversee designers, interns, broader editorial and creative direction, more...","Starting salary around $26,000 in 2009"
Photographer,"Prefer not to say, sorry",89050,Male,39,Chicago,Everything,
Teacher,Private School,75000,Male Australian,2,Australia,High School Maths Teacher,
Editor/Writer,Private University,"64,000",cis white male,14,,"Copyediting, proofreading, supervising and training interns, project management, client relations",
Supervising Producer,Production Company in Burbank,143000,Female,10,Los Angeles,,"Associate Producer, Producer, Senior Producer, Supervising Producer"
Data reporter,ProPublica,"90,000","cis-male, straight, asian",2.5,NYC,"Data analysis, cleaning, reporting and writing for investigations","Data reporter, Arizona Republic: $37,000 (2017-2018), $46,000 (2018-2019), $50,600 (2019)"
Editor in Chief,Propublica,"$395,000 (plus 57,000 additional compensation) ",M/W,,NYC,run organization,
senior reporter,ProPublica,"$230,504 (plus $52,000 in additional compensation) ",M/W,,NYC,writing,
Reporter ,ProPublica,"87,500",Cis White Female,6,New York,"Investigative reporting, light data reporting",
"Assistant editor, audience",ProPublica,75000,male poc,1.5,New York City,"Edit, right, manage social channels and platforms","ProPublica fellow (46.8k), Atlantic fellow (35k)"
Section editor,ProPublica,100K,white woman,,NYC,,
Reporter,ProPublica Illinois,"$70,000 ",cis POC female,12,Chicago,Investigative reporter,"Starting salary at ProPublica Illinos in 2017 was $60K. Prior to that: $48k-$51K at nonprofit online magazines, Catalyst Chicago and Chicago Reporter (2014-2017); $41-$50K at el Nuevo Herald (Miami) (2010-2013); around $37-$40K at Yakima (Wash.) Herald-Republic (2008-2010)"
Reporting Fellow,ProPublica Illinois,"$39,000 ",Cis POC female,4.5,Chicago,"Reporting, including data (Fellowships typically last 1 year)","Experience includes internships/fellowships. Previously producer/reporter at WBEZ ($56,000, started at $52K), includes raises+unionized"
Retired,PSS,55000 ($AU),Male,40,Canberra - Australia,None,APS L6
Reporter,Public broadcasting,"Equivalent to $56,000 USD, before taxes",Male/white,6,Norway,"Writing articles, producing radio, TV reports.",
beat reporter,public broadcasting affiliate,"62,000",cis white woman,4,Pacific Northwest,"Produce videos, associate produce videos, produce radio pieces, features, spots, web stories, do social media","Beat reporter (hired at) - 57,500
Beat reporter (raise, 2018) - 59,000
Beat reporter (different publication, DC-based) - 57,700
Intern - $13/hour"
Media + Photo Teacher ,Public High School,"90,000",Cis white female,14,Ohio,Teach digital media and photography to teenagers,Freelance photographer for national publications 
Executive Editor,public radio,"88,000",cis female,18,St. Louis,"Set vision/mission for newsroom, oversee coverage, maintain journalistic integrity/quality for coverage.",
Multimedia Storyteller,Public school division,"90,000",white/female,20,"Washington, DC","concept development/video, photo, audio story production",Multimedia producer $65k
Advisor,Public Service,30000,Male,5,México,"Advisor in political journalism, media and press lobbying",Non
Public information specialist ,Public transit,"75,000",,20,Northwest,"Corporate communications, internal/external newsletters, press releases, events",
Project manager,Public University,"$85,400 gross",CIS het white female,40,Pennsylvania,Write news and features for internal print and digital publications; research and write white papers on institutional research achievements to advocate for renewed funding from state and congressional level resources; write speeches and remarks for high-level faculty and administrators; coordinate and edit grant-related reporting to funding agencies; manage social media promotion of university research; planning and execution of special events  ,"Journalist at daily news outlets of varying size in three states, range from $20,000 to $41,000; media relations for a large midwest health care system, starting salary of $35,000"
Reviews Editor,Publishers Weekly,"$43,000 ",white cis-male,7,NYC,Ran three different subject categories; Managed ~50 freelance writers; Wrote special features and produced interviews,started at the company running the shipping/receiving room for $35k
Staff Photographer,Pueblo Chieftain (Gatehouse Media),"$15.1/hr, ($31,500/yr)",Male / white,8,"Pueblo, Colorado",Shoot and edit assignments. Arrange long term stories. Advocate for visual department in the newsroom.,"$28,000/yr, $25,000/yr"
associate producer ,Pushkin,"67,000 (+ approx 20% bonus )",cis white female,5,NYC,,
Reporter,Quartz,"$64,250 ",cis white woman,~4 years,NYC,writing short hits and longer features,2% raise after six months at Quartz
Reporter,Quartz,"$79,000 ",cis-het white male,10 years,California ,"Reporting, writing, the usual.",varied
Reporter,Quartz,"$62,000 ",cis white male,5,New York,"Reporting, writing",
Reporter,Quartz,"$86,000 ",cis white woman,8,NY,reporting,8 yrs FT
Deputy news editor,Quartz,"$90,000 ",male,15,new york,"supervise 5 reporters, edit copy",
Reporter,Quartz,"85,000",White female straight,10,New York,,
Head of SMM,RAA ,$210 000 + $10 000 for my identity ,Transgender biosexual ,7,Idaho,"
",
Radio Morning Personality,Radio,"82,000",Cis/White/Female,12,San Francisco,Gather interesting and local stories to package in an entertaining way to SF commuters,
Producer/Editor,Red Bull Media House,"75,000",CIS White Female,10,Los Angeles,"Story production, interviewing, budgeting, identifying storylines, editing, etc","Culture Editor/65,000, Deputy Editor/36,000"
Markets reporter/editor,Reed Business Information (B2B publication),"78,000",Cis white female,5,,,
"Editor, Snapchat",Refinery29,"65,000 (full time freelance)",Cis white woman,3,NYC,"Writing copywriting, editing, copy editing, producing and editing video for Snapchat","Editorial Assistant, Snapchat at R29 (got a raise and promo through counteroffer)"
Senior Editor,Refinery29,"61,000","female, biracial",6,"New York, NY",,
Staff writer,Refinery29,"$60,000 ",cis white female,1.5,"New York, New York","writing news stories & features, researching",previously a freelance news writer ($15/hour)
Staff writer,Refinery29,"$63,000 ","Cis, white",5,New York,Write and pitch mostly search-driven stories ,"$52,000 - news writer"
Staff Writer,Refinery29,"58,500",cis white woman,6,New York,Write both shortform & longform pieces,
Senior Editor,Refinery29,"92,000",cis white female,8,LA,,
Editorial Director ,Refinery29,"$190,000 ",F/W,,New York,,
editorial assistant,refinery29,"$45,000 ",cis black woman,1,nyc,"building articles, writing SEO posts, 1-2 news blogs a day, 2-4 interviews a month",
Staff Writer,Refinery29,"60,000",Hispanic,4,New York City,"writing a mix of short news hits, features, service pieces, around 2 stories a day.",
Editorial Assistant,Refinery29,"$50,700 ",queer woman/white,2,NY,"edit daily column, 1-2 news stories/day, 1-2 longer stories/month","freelance writer 3 years, FT writer 1 year "
Senior Editor,Refinery29,"77,000",cis white female,8,NYC,"assign and edit news and features (4-8 stories per day), write 2-4 features per month, run editorial packages, manage staff writers, attend relevant industry events, and much, much more",started as a staff writer making $50k
Marketing Solutions Strategist,Refinery29,60500,Female / White ,2,New York City,Answer pre-sale RFPs,50000
Staff Reporter,Regional Business Journal in Southern California,"36,000",cis white male,2,Southern California,"Short daily news articles for website, 4-5 articles of 800-1200 words for biweekly print paper","Intern, then briefly contributing writer at niche tech magazine in Washington D.C., $10/hr"
Political reporter,regional magazine,$500 a month,Cis male/white,2,Upstate NY,reporting on congressional politics,Unpaid Intern 
Reporter,Regional magazine,"$61,700 ",cis white woman,2,North Carolina,"Reporting, including longform features and shorter pieces, investigative projects social media","$30k--editorial fellow at The Atlantic, bumped to $35k "
Editor in Chief,Regional magazine,"$54,000 ",cis female,28,New England ,Everything,
Managing Editor of in-house creative studio,Regional magazine,"$50,000 ",Cis queer white woman,5,Mid-Atlantic,"Manage/edit and occasionally write all sponsor content, develop and manage custom campaigns and publications for clients","Associate editor at nonprofit newsroom, $34,000. Assistant editor at same company, $30,000. "
Manager of Audience Development,Regional Newspaper,"$95,000 ",Male,9,East Coast,,
Reporter,Report for America,"$35,500 ",Female/White,4,Mountain West,Produce 3-4 local news stories a week.,45k--Producer at NPR affiliate 
Reporter,Report for America,"$40,000 ",cis white female,3.5,California,"Beat reporting (dailies and enterprise), working in a class","Started at $12.50 as a local reporter in 2016, got a $2 raise in 2018"
Middleweight Motion Designer,Retail Design Agency,"£35,000",White Queer NB,5,London,"Storyboarding, Moodboarding, Creating visualisations and mock ups for store digital pieces, video editing and motion work.","Junior Motion Designer - £27,000. Video Producer - £24,000"
News Publishing Specialist,Reuters,"$9,912 per annum",Indian female,5,"Bengaluru, Karnataka, India","Write Canada pre-opener market report, make newsletters for India, EMEA and U.S., Canada. Curate Reuters top news pages for the Eikon app. ",Senior-subeditor
Correspondent,Reuters,"48,000",Cis-female/white,10,Remote,Reporting,"52,000 Assistant Editor / 34,000 Reporter "
Senior Correspondent,Reuters,"$130,000 ",Male / Asian,5,Latin America,Investigations,Freelance
Reporter,Reuters,"$84,800 ",WOC,4,NYC,beat reporter,60K at first reporting job out of college
Producer,Reuters,"90,000",Female/Black,10,New York,,
Reporter,Reuters,"78,000",Female,4,NYC,Beat reporting,"Previously staff writer at trade magazine at $55k, before that was an editorial assistant at $32k"
Editorial Intern,Reuters,$22 hourly ,Male POC LGBT,2,US,,
Senior correspondent,Reuters,"105,000",White male,9,Americas,,
Journalist,Reuters,"$93,000 ",white cis woman ,6,NY,,
Staff photographer,Reuters ,105000,Male/Caucasian ,20,New York City ,Create visuals ,
Senior Staff Writer,Reviewed,"$45,450 ",Poc Cis Male,7+ years,Boston,Product reviews and photography,
Senior Staff Writer,Reviewed,"$49,000 ",,5+ years,Boston,"testing, writing, editing",
Senior Writer,Reviewed,42.5k,white cis male ,8,Cambridge,,"Managing Editor / Project Manager — 62.5k
Left the industry for a few years to pursue a different career, but returned."
Editor,Ringier Africa Digital Media,"$10,000 ","CIS male, African",5,Nairobi,"Reporting, Editing, Interviewing",
News Editor,Rio Grande SUN,"37,000",White,4,"Española, New Mexico","Reporting, editing and paginating news stories and features. Managing a team of six reporters",
News Editor,Rio Grande SUN,"37,000",Cishet white male,4,"Española, New Mexico","Reporting, editing and paginating news stories and features. Managing a team of six reporters",
Afternoon Show Host,Rogers Communications ,"$50,000 (CAD)",Male / White,12,British Columbia ,"Producing content for daily broadcast, scheduling music, making public appearances ",
Assistant Editor,Rolling Stone,"$60,500/year","Woman, Latina",8,"New York, NY",Editing daily news and features. Writing no less than 20 articles a month. Interviewing in English and Spanish. Translating. Transcribing.,"Web Producer - $43,000/year"
News Director,rural public radio station,"$40,000 ",European-American male,16,Texas,,
Senior Reporter,S&P,"49,000",Male,10,Canada,"Features, daily","45,000"
Account Executive,Saatchi & Saatchi,"55,000",Female / Hispanic,4,Dallas ,,
Associate Editor,Sagacity Media,"$40,000 ",Cis white male,3,Houston,"-edit/contribute 8 blogs per week
-report FOB section
-longform
-edit/contribute to cover packages/service features
-breaking news as needed",n/a (first job)
Staff writer,Salt Lake Tribune,"$39,500 ",cis-homo white female,4 years,Utah,Crime/criminal justice reporting/breaking news,"Reporter at Tulsa World newspaper - $34,000"
Reporter,Salt Lake Tribune,"$49,000 ",,10 years,Utah,"Covering legal affairs, criminal justice, etc",
Engagement manager,Salt Lake Tribune,"$42,000 ","White, cis female",3,"Salt Lake City, Utah","Help manage social media accounts and website; optimizes stories for web; builds and sends newsletters; gathers/analyzes site traffic and reader habits, sends push alerts; helps with audience outreach efforts","Web manager, web producer "
Sports Reporter,Salt Lake Tribune,"39,000",Male/Hispanic,4.5,Salt Lake City,"Cover professional soccer and prep sports, and also college sports and NBA when needed",
Web Manager,Salt Lake Tribune,"$39,000 ","Female, white",7,Salt Lake City,"Web platform curation, social media, comment moderation","Editor: 30,000, Reporter: 22,800"
Reporter,Salt Lake Tribune,"36,000",cis white male,5,Utah,News and feature writing ,"39,000 as online editor for medium-sized national magazine "
Sr Media Planner,San Diego Ad Agency,70000,Female/Mixed,8,"San Diego, CA","Plan, negotiate, buy, steward, and report clients' media campaigns which include: digital, social media, OOH, TV, radio and print media.Traffic digital campaigns through DCM and social platforms. Provide insights and optimizations on running campaigns.
","Associate Media Planner, Assistant Broadcast Planner/Buyer"
Reporter,San Diego Business Journal,"$50,000 ",cis white female,5,San Diego,"reporting, writing, editing, events","$40,000 - Reporter in Kansas City (after raise); $35,000 - Reporter in Kansas City; $32,000 - Reporter in Colorado"
Reporter II,San Diego Union-Tribune,"59,000","Cis bi female, white ",7,San Diego,"Breaking news, cops, courts, criminal justice, data analysis","35,000 when I was first hired, 40,000 three years in, 44,000 five years in"
Producer,San Francisco Chronicle,"$70,000 ",POC female,"7 years total experience, ~3 years related experience",San Francisco,#NAME?,"$75,000 at previous company as a content producer in 2016
$50,000 in 2014
"
Staff writer,San Francisco Chronicle,95000,NB PoC,5,San Francisco,Weekly features,
Photo Editor,San Francisco Chronicle,70k ,CIS Female / Hispanic ,5,San Francisco,"Managing Daily Photo Assignment Schedule, Booking Freelancers, Creating Shift Rotation during breaking news, Editing imagery for web and daily inside sections. 50-60 hrs a week.  ",20-25 and hour at first Media job WFH 'Associate Photo Editor' / 80K at Media Startup 'Senior Photo Editor'
Digital Editor,Santa Barbara Independent,35360,"Queer male, mixed MENA/Latinx PoC",1,"Santa Barbara, CA","Home page management (independent.com), reporting breaking news, producing video, managing social media accounts, shooting photos on occasion, digital strategy","Studio Assistant, $31,200"
Digital Editor,Santa Barbara Independent,$18/hour,cis poc female,2,Santa Barbara,"* curate homepage, manage social media/newsletters, shoot/produce video, content strategy, design interactive cover stories",Digital Media Producer ($21/hour)
Reporter ,Santa Fe New Mexican ,"$35,300 ",Cis-bi white woman,4,Central and northern NM,"General assignment, watchdogging multiple beats, photographer","Unpaid intern in four newsrooms
News editor at the school paper: $4 an edit, $20 an article 
Part-time Copy editor for $17 an hour at the New Mexican"
reporter ,Schneps Media ,"32,000",White cis male ,1,NYC,Cover several neighborhoods in Brooklyn - come up with stories and work on assignment. ,Unpaid intern - paid intern - freelancer 
Staff reporter,Schurz Communications Inc. ,$12/hour (2012),cis white female,2,Central Kentucky,"Reported on anything and everything: local government, breaking news, features, op/eds, columns. Took pictures, managed web uploads and social media accounts, produced short videos. ",
Audience Engagement Editor,Science News,"$61,400 ",Cis-het white male,5,DC,"Social media, web analytics, newsletter production, reader feedback management, editorial-side audience strategy",
Reporter,Scripps,"48,000",Black woman ,4,"Norfolk, VA",TV reporter / MMJ ,"32,000 MMJ "
Tv News Photographer,Scripps,"$69,000 ","Female, White",14,Ohio,,
Television News Producer,Scripps,$15.23/hr. ,Female/Hispanic,3,"Corpus Christi, TX","Creating rundown, writing scripts, formatting on-air stories, additional digital media duties",Associate Producer - $10/hr.
Director of Content,Seamans Media,"$60,000 ",White male,3,Boston,"Run the print and digital efforts of one of Seamans Media's six titles. The magazine is printed seven times a year, while the website requires between three and five stories a day. Other aspects of the job are social media, newsletters, editing, writing and website management.",
freelance writer and content creator,self,This year: $40k comprising regular content contracts and freelance travel writing.,female / white ,20,"Minneapolis, MN",Creating content for magazines & websites as well managing social media for a client and creating original content for their blog. ,"Senior editor through executive editor at travel, home and parenting consumer magazines (salary from $52k - $76k)."
Freelance Reporter,Self,"$110,000 ",cis white woman,10,Phoenix,"Pitch, Research, Interview, Report, Write, Edit",
Motion Graphics designer,Self Employed,"$110,00/yr",Male,18,"Chevy Chase, Maryland, USA",2D and 3D motion graphics design for TV and web,"Started around 26k/yr, last full time salary was approx 90k plus Health Ins and 3 weeks vacation."
Freelance Reporter,Self-employed,12000,Poc femme,2,Malaysia,"Producing videos, social media marketing, researching, writing long-form articles, editing ",Communications Manager at an NGO ($9000)
Freelance Writer,Self-Employed,"12,000",cis black female,3,"New York, New York","Writing reviews, essays and interviews",
Truth Finder,Self-Employed,"$150,000+",can't say,10,North Korea,"Sole employee, everything from cleaning toilet to writing/filming stories",Student
Freelance Writer,Self-employed,Not salaried (2 - 10 cents per word),Caucasian Male,6,"Upper Michigan, USA","Pitching and writing articles, including photography/ sourcing images.",Stringer / ghost writer at 1 - 5 cents per word.
"Freelance Writer, Editor & Content Strategist",Self-employed,"$130,000 ",Female / Mixed-race (Asian & Caucasian),20,Remote,"Write articles & guides, UX writing, content strategy for digital projects, produce content for digital outlets, occasional copywriting for products, brands, marketing campaigns, editorial direction/management on a project basis","As a freelancer, my income varies but what I've quoted is what I earned last year."
Freelance writer,Seven West Media (Australia),AUD$500 p/d,female,25,remote,"writing and researching online content, uploading to CMS","$100,000, Copy Director @ Marie Clare/Women's Health/InStyle"
Art Director,SF Weekly,$60k,Cis white male,10,San Francisco,,
Copy Editor,Shaw Media,37000,cis white female,10,Chicago suburbs,"Laying out newspaper pages, editing articles, posting to web, writing headlines, editing and choosing photos, putting together photo galleries, editing and choosing wire stories, managing and training other copy editors, occasionally writing, reporting and shooting videos","$27,900/Copy editor/paginator/Digital First Media in Ohio
$28,000/Copy editor/paginator/Gannett in Ohio"
Trending News Writer ,She Media,$25/hour,cis white female,9,Remote,write 4-5 stories a day,
Publicity Assistant,Simon & Schuster,"36,000",Female/Asian,1,NYC,,
Editor,Simon & Schuster,$70K,White cis female,6,NYC,Acquiring and editing books. ,
Associate Marketing Manager,Simon & Schuster,50000,Cis Female/White,5,New York City,"author care, imprint social media marketing, title specific marketing, indie bookstore marketing","Associate-$42,000, Marketing Coordinator-$30,000, Bookseller-$12/hour"
Assistant Editor,Simon & Schuster,"$42,000 ",Female/Asian,5,"New York, NY",Acquire and edit books; support two senior-level editors,"Editorial Assistant, Simon & Schuster ($33,000 - $35,000)"
Editorial Assistant,Simon & Schuster,"$35,999 ",non-binary/black,1.5,New York,,
Assistant Managing Editor,Simon and Schuster,45000,cis white female,5,"New York, NY",assist managing editor and oversee production processes from manuscript acquisition to finished book,
Reporter,Skift,"$60,000 ","White, Cis Female",5,New York City,"Reporting breaking news, features, sector trend analyses, etc.","Reporter ($57K, 4 years of experience); Reporter ($48K, 2-3 years of experience) Assistant Editor ($42K, 1-2 years of experience); Assistant Editor ($36K, 0-1 years of experience)"
Producer,Slate,"$62,000 ",cis white male,"2 years FT
",NYC,producing a daily podcast and a monthly podcast,"Associate Producer: $57,000"
Research Assistant,Slate,,,,,,
Producer,Slate,"$70,000 ",cis white woman,3,NYC,"Editing audio, researching, booking, writing","$54,000 Assistant Producer"
Staff Writer,Slate,"57,600",Cis white woman,5,NYC,,
Staff Writer ,Slate,"71,000",cis female / white ,6,NYC ,,
Editorial Assistant,Slate ,"$57,000 ",cis black woman,2 years FT,NYC,"feature writing + reporting, ocassional daily blogging, admin work, podcast hosting","Reporter researcher at TNR: $30,000
Starting Slate salary: $48,000
Bump from union contract: $51,000
Current salary: $57,000
"
Editor,Small chain,"37,200",White male,25,North Dakota,,"Reporter Minot Daily News 21,000, Reporter Bismarck Tribune 28,000"
Reporter ,Small class daily,"$25,000 ","Cis, white, female, lgbtq",2,Kentucky ,"General reporting, copy editing, photography, online, government, crime, education ",
Assistant Editor,small non-profit newsroom,"45,000",Cis Male PoC,2,New York City,"research, fact-checking, editing",
Data reporter,Small non-profit newsroom ,"41,000",cis white female,1,Midwest,"Data analysis, data reporting, database reporting, breaking news reporting, graphic design, occasional UX/UI design ",Reporting fellow
visuals editor,small non-profit publication,60000,cis woc,6,New York,"edit photo essays, short documentary videos, some writing and program management, ",
Assistant Art Director,small nonprofit,72500,female ,3,DC,"art direction, page design, pre-press production, photo selection, pretty much everything.","started as graphic designer at 65, then 2 raises. have interviewed for art assistant at hearst (28k) and graphic designer at hearst (58.5k)"
Sports reporter,Small Oregon Daily,"29,000 pretax",White cis bi female,3,Southern Oregon,"I manage production of our daily sports pages, run our sports social media accounts and produce content when I can",AJC Sports intern 12.5/hour
Editor at Large,Small Public Service Magazine,"~$50,000",man,20,New York,Covering an array of complex topics that require a considerable amount of expertise and savoir faire. The job is about three-quarter time all told.,
Engagement Editor,Small quarterly publication,"$45,000 ",White cis woman,3,Boston,"Managing social media, packaging and promoting new essays.",
Reporter/ Admin,Small town newspaper,$9.00/hr,"White, bi female",1,Texas,"I operate one of our two offices, go to events, write, photograph, interview, sell, hunt down stories",Stringer
Editor,Small town paper,25000,Male white,10,Georgia,Editor that doubles as a reporter and other managerial duties,
Senior Editor/Reporter,small trade publication,"$70,000 ",cishet white female,6,"Washington, D.C.","writing at least two stories a day across multiple beats, writing monthly magazine story, editing daily and monthly content, some web publishing","$36K (reporter outside DC), $44K (reporter in DC), $52K (reporter in DC, different job in same company), $70K (current job, different company in DC)"
Staff editor,Small trade publication,"$66,000 (plus bonus), 10 days PTO per year",cis het caucasian male,10,"Washington, D.C.","Write at least one story per day about technology policy, assign and edit one other staff writer, compose daily newsletter, staff company events not necessarily connected to beat","$60,000 (starting salary at current company); $52,000 (final salary as staff writer for regional magazine); $45,000 (final salary as editor-in-chief of local news website); $36,000 (starting salary at local news website)"
Reporter,Small trade publication,"50,000 + bonus w/ 10 days PTO annually",Cishet white male,2,"Washington, D.C.","Write one to two government technology policy stories a day, staff company events, attend industry conferences when necessary","Editorial fellow/$40,000 annually at same company"
Video Producer,Small trade publication,"$91,000 + $6k bonus",Male / white,17,Greater NYC metro area,"All editorial video production, camera operation, scripting, editing, voice overs, publishing + branded content production, editing, etc.",
Content Planner/Producer,Sneaker Freaker,66k AUD,Cis Male White,5,Australia,"Ideating and planning content for editorial calendar, data and insights, writing, video editing, managing website updates.","Same company, similar content roles:
2016: 42k AUD, 2017: 50k AUD, 2018: 66k AUD. "
Staff Reporter,Sonoma Media Investments,"50,000",cis female/Asian,5,"Santa Rosa, California",Write news stories for a daily newspaper,"City desk editor, reporter"
Reporter,Sound Publishing,"$30,000 ",Cis white male,5,Western Washington,"Write stories, take photos",
Editor,Sound Publishing,"39,000",White male cis ,24,"Small town, Western Washington","Report, edit, photog, greet customers","45,000 copy editor/designer, McClatchy, Western Washington, "
Reporter,Southern Newspapers Inc.,"$35,152 ",cis white male,7,Texas,"Covering county government, local and state politics, local port, primary crime reporter. Fill-in managing editor as needed. Expectation is 2 bylines a day, two centerpieces a week and a monthly magazine assignment. ",
Magazine Editor,Southern Newspapers Inc. ,"$30,000 ",Male/Caucasian ,10,Texas,Split full time position between producing a monthly magazine and serving as a full-time reporter. Not to mention managing the social media and digital feeds. ,"$25,000/reporter"
Multi-media journalist,Spectrum News,"$40,000 ",cis-bi white female,4 1/2 years of post grad experience,Upstate NY,"Write scripts and ong-form web pieces, report, project manage, edit and more. ","$34,000 print reporter in Nevada"
Associate Digital Content Producer,Spectrum News,41K,F  POC,3,"Rochester, NY",,"News Producer at Nexstar, 26K"
Reporter,Sports Business Journal ,"$78,500 ",Male/Asian,7,Houston ,Reports on the business of sports ,"$28,500-Reporter (Galveston Daily News), $33,000 County/City Gov Reporter (Victoria Advocate), $45,000 (Real Estate Reporter at S&P Global Market Intelligence) $78,500 (Houston Correspondent at Bloomberg Law) "
Publishing Assistant and Digital Content Coordinator,Springer Publishing Company,"$40,000 ",cis het white female,5,"New York City, NY",#NAME?,"North Atlantic Books, At-Large Acquisitions Editor, $30/hr, remote (currently freelancing on ad hoc basis); Weldon Owen, Executive Assistant, $17.38/hr, San Francisco, CA (worked there for one year, this hourly rate is after my $0.50/hr raise for 2018); John Wiley and Sons, Senior Editorial Assistant, $39,970, San Francisco, CA (worked there for 3 years, starting salary was $38,000)"
Editorial Assistant,SpringerNature,$35k,Female,1,New York City,"Sending projects out for peer review, creating contracts, managing projects from review to publication, managing authors, etc.","Editorial Intern for HarperCollins, Subsidiary Rights Intern for UC Press"
Designer / Developer,St. Louis Post-Dispatch,"66,800",Male / White,14,"St. Louis, Missouri","Print design, copy editing, web development/programming",
Reporter,"Stamford Advocate, Hearst Connecticut Media","$41,250 ~ union minimum",Cis- white- male,3,"Stamford, Conn.",local reporting,$40000 ~ Hearst Fellow
Staff Photographer,Star Tribune,"70,000",,,Minneapolis,Photo and video,
Team leader / editor,Star Tribune,"$80,000 ",cis hetero white woman,9,Minneapolis,graphics and data for print and online,68k-ish when I started here 5 years ago doing lots of digital production and social media
News Developer,Star Tribune,"89,000",white cis male,19,"Minneapolis, MN","News applications, data journalism, mapping","Senior Data Editor ($125k), Senior News Applications Developer"
Digital editor ,Star Tribune ,"$89,000 ",White male,11,Minneapolis ,,
Reporter,Star Vancouver (TorStar),"$48,000 ",Male/White,15,Vancouver ,"Reporting, pitching stories, photography, occasional video, social promotion",
Digital editor,Stars and Stripes,"$45,000 ",Latina female,9,,"Managing website and social media properties (Twitter, Facebook, Instagram) during assigned shift. Editing locally produced copy and tailoring wire copy to audience and to publication style. Monitoring analytics and making content promotion decisions based on traffic. Place articles on website. Generate weekly analytics reports. Monitor social and trending news and write articles or pass off to reporter as necessary. ","Producer - $55,000
Editorial content director - $70,000

Masters in Journalism. Was unemployed for a year and took first journalism job offered, but now can’t get out. No raises offered or possible. "
Associate Editor,startup health media outlet,"Approx. $23,000 (part-time)",Nonbinary/Latinx,3.5,Greater NYC Area,"Pitch, write and edit content. Post new and well-performing older content to social media. Curate content for 2 weekly newsletters. Assist with article updates.","$26,000 full-time guest engagement associate at a museum"
Reporter,States Newsroom,"45,000",Cis white female,1,Michigan,"Research, reporting, writing, social media","$33,500 / Gannett / suburbs reporter"
Associate editor,Statewide business magazine,"$38,500 ",White cis female,1.5,"Minneapolis, MN","report, write, and edit stories for print (ranging from small sections to cover stories); edit freelancers; manage magazine supplements, guides, and other sections; write occasionally for online; manage social media at events; occasionally assist in fact checking; assist with content planning; etc. ",
Director Media Relations,Steve's B&B,"120,000",White male,10,Phippsburg ME,"Marketing, advertising, online media content, promotion",
Jr Media Associate,Steve's B&B,Min wage,white male,1,Phippsburg ME,"online content, web design, graphic arts, goat handler",high school paper
Self Shooting PD ,Sundog ,1900,Female / white ,13,London ,"Camera, location producing, duty of care, compliance. ",
Reporter,Swift Communications ,17.75/hr for estimated gross of $39000,mixed race cis woman,2,Colorado ,"Cover local government, environment ",$15 an hour at similar role in another Swift paper 
reporter,tampa bay times,"$42,000 ",cis white female,4.5,"st. petersburg, florida","reporting, writing, pitching and photo-related tasks that sometimes include taking photos myself","was making $37,400 before a raise in fall 2019"
City hall and county courts reporter,Tampa Bay Times,"$40,820 ",cis white male,5,"St. Petersburg, Fla.","Report and write stories about the city of St. Petersburg, Fla. and the Pinellas County court system","Last raise in 2018 from $39,000"
Reporter,Tampa Bay Times,"45,000",cis white female,4,"St. Petersburg, FL","cops, courts, breaking news",
Content marketing manager ,Tech company ,"120,000","Female, caucasian",8,Boston,"Manage a team, content strategy, freelancer management, writing, editing","Managing editor, assistant editor"
Senior Managing Editor ,Tech publication ,"130,000",While male,20,New York,"Manage ~5 direct reports, editorial planning, feature writing and editing, media appearances,  traffic analysis. ",
Digital producer/assignment editor,Tegna,"$37,000 ",Cis white female,3,Michigan,"Overseeing all of the station's digital output, from writing 5-10 stories a day to editing reporters' stories, running multiple social media accounts for a combined audience of over 300,000, editing video for the website and just generally curating the website. I also run the assignment desk during the evenings, which includes assigning stories, finding stories, confirming breaking news and being the point of contact for people in the field and answering the tipline. We're a top 50 market. ",
Digital producer/assignment editor,Tegna,"$37,000 ",Cis white female,3,Michigan,"Writing, editing, running multiple social media accounts, assignment editor",
Digital Content Producer,TEGNA,"55,000",African-American Woman,7,,"Writing articles, copy editing, video editing, social media",$36K>$41K>$55K
Line Producer,TEGNA,"$42,000 ",Cis White Male,3,Virginia,Producing daily newscast,$25K
Digital Content Producer,Tegna,"$50,000 a year",white cisgender female,3,California,"Editing stories for web, social media, clipping videos",
Intern,Tegna/NBC,$7.25/hr,cis female/middle eastern,2,Tennessee,,
News Producer,Telemundo,"72,410",WOC Latina ,10,Boston,"In charge of crafting a half hour or entire hour show (if a producer is missing that day), select the stories, write them all, edit all the videos, correct reporter's scripts, edit the PKGs, create the CGs, and booth the shows in the control room. ","40,000 News Producer in Albany"
test,test,test,test,1,test,test,test
Digital News Producer,Texas Public Radio,"$42,000 ",cis white woman,3,Texas,"editing stories, photos, headlines; creating multimedia content; scheduling social media posts","Reporter: $27,500

Digital Content Editor: $35,000"
Staff Photographer,"The (Wilmington, Del.) News Journal",46500,Male,4.5,"Wilmington, Del.","Photography, Multimedia Production, Video Editing, Occasional Writing, Building Photo Galleries, Publishing Online Content","$31,000, Staff Photographer, Casper Star-Tribune (Casper, Wyo.), $29,800, Staff Photographer, Evansville Courier & Press (Evansville, Ind.)"
Staff writer,The Advocate,"$50,000 ",cis white man,3,Louisiana,"Covering a beat, reporting, writing ",
Reporter,The Advocate,"60,000",White cis woman,3,New Orleans,"Covering a specific beat, doing investigative work, writing daily stories. ","Reporter, Advance Local: 43,000
Reporter, Lee Enterprises: 32,000"
Reporter,The Advocate ,"$45,000 ",Female,8,Louisiana ,Beat reporter,"Small town newspaper $28,000 
Mid-size city newspaper $48,000 "
Reporter,The Advocate ,"$44,000 ",white,19,New Orleans,Specialized reporting,"$45,000 reporter at a Gannett paper. "
Assistant Editor,The Altus Times,"$24,000 annually",Cis white male,4,Oklahoma,"Research, writing, editing, photography -- all the above.

I am the only sportswriter at the newspaper, and it is my job to cover four local high schools and one junior college. On top of that, I am required to also write a few news stories every week for this paper and another one my company owns. ",
Reporter,The American Lawyer/ALM,"$58,000 ",cis white female,2,"New York, New York",,First job
Reporter,The Arizona Republic,"$41,000 ",cis-het white man,3,Phoenix,"pitch narrative/investigative stories, report them, write them",
Multimedia Reporter,The Arizona Republic/Gannett/USA Today,"46,000",cis white woman -- disabled,2,"Phoenix, Arizona",#NAME?,"AP Temp Reporter ($48,000), NPR Temp ($40,000), CNN News Associate ($36,400)"
Staff Photographer,The Aspen Times,"45,000",White female,4,"Aspen, Colorado",The only staff photographer,
reporter,The Associated Press,"84,600",cisfemale/white,15,San Francisco,"daily & enterprise beat reporting, fixtures","started at AP at 37,500 in 2005"
Data journalist,The Associated Press,"$100,800 ",Multiracial cis male,8,Chicago,"Data analysis, web development, R&D","$86,000 starting in 2015; $80,000 developing interactives at The Chronicle of Higher Education until 2015; $60,000 developing interactives at PBS NewsHour until 2013"
Reporter,The Associated Press,"87,500",Cis-male,10,New York City,"Reporting deep enterprise stories, including some breaking news",
Reporter,The Associated Press,102800,"Male, white",17,Europe,"Reporting, editing, slotting, cross-format coordination, social media promotion",
Reporter,The Associated Press,"80,000",cis white female,19,NYC,"beat reporting, enterprise, spot news, fixtures",
Assistant editor,The Atlantic,"48,000",cis poc female,1,"Washington, D.C.","fact-checking, copy editing, project management",
Producer,The Atlantic,"$80,000 ","cis, female, Asian ",7,Washington D.C.,"Ideate, report, produce, and execute live journalism;  project management, cross-functional collaboration w/logistics+operations, audience development, design and marketing, PR and biz dev. ","Associate Producer (72K), Assistant Producer (57.5K)"
Assistant editor,The Atlantic,"$55,000 ",cis female poc,4,DC,,"$25K as Atlantic editorial fellow, $42K starting salary as assistant ed"
Associate Editor,The Atlantic,"$60,000 ",Asian male,3,"Washington, D.C.",,
Assistant editor ,The Atlantic ,"$51,000 ",WOC,2,,,
Social Media Director,The Boston Globe,"$50,000 ","cis-het male, white",3,Boston,Manage social publications and some digital story assigning,Digital content director at a midwest station - 32k
Reporter,The Boston Globe,"$74,000 ",cis POC woman ,7,Boston,"Reporting, writing ",
,The Center for Investigative Reporting / Reveal,My hourly wage would calculate out to about $58k,Cis white female,2,Remote,"Post production for the podcast, research, digital stuff, a little bit of a catch all for everything and everyone",
Associate Editor,The Channel Company/CRN,"$73,000 ",Cishet white male,7,Boston,"Breaking news, features","$47,000/Staff Writer $32,000/Online Editor $23,000/Reporter"
"Senior Editor, Design and Delivery",The Chicago Reporter,110k,White man,15,"Chicago, IL","Digital strategy; software architecture; data analysis, reporting + visualization","All starting salaries -- I never stayed anywhere long enough for raises to be appreciable. Made money on the side from time to time by speaking or teaching.

ProPublica Illinois - Chicago - News Apps developer - $105k - 2017-2019

NPR - DC - Acting director/editor - $125k - 2016-2017

NPR - DC - News apps developer - $110k - 2014-2016

Chicago Tribune - News apps developer - $75k - 2012-2014

Fermilab - Web engineer (independent contractor) - $85k after expenses"
Reporter,The Chronicle of Higher Education,"$72,000 ",Cis white female,5,DC,Reporting,
Reporter,The Chronicle of Higher Education,"66,000",cis white female,3,Washington D.C.,Reporting beat and longform stories,"$32,000 at a statewide paper in the South for ~2 years"
Copy editor/page designer,The Columbian,$20/hour,Female/mixed,17,"Vancouver, Wash.","Designing and editing news, business and features sections, including selection of wire stories and art; updating online news site and monitoring comments.",Unchanged over 10.5 years (no COLA).
Copy Editor/Page Designer,The Columbian Publishing Company,"$30,000 ",White male,2,"Vancouver, WA","Copy editing, page design, web posting, etc.","8 years as a reporter, photographer, editor, designer = all less than $30,000"
Reporter,The Columbian Publishing Company,"$44,000 ",White cisgender woman,7,"Vancouver, Wash.","Daily reporter, writing 3 - 5 articles a week.","$15.50 an hour, $16.50 an hour, $21.31 an hour."
Reporter,The Columbian Publishing Company,"$35,000 ",White male,5,"Vancouver, WA",,
Features reporter,The Columbus Dispatch,"42,000",White cis hetero woman,3,"Columbus, Ohio","Researching, writing, editing, was appointed to several committees, ran a concert series in the summer","Started at 41,000"
Prep sports reporter,The Commercial Dispatch,"$29,000 ",White male,0,"Columbus, Mississippi","High school sports reporting, page design and editing",May college graduate
Director of Social Media,The Daily Beast,"$95,000 ",cis woman POC,7,NYC,"Manage team of 4 and all social platforms, on call 24/7 for breaking news, social/search/aud dev strategy, work with all teams across company including sales and product, style guides and trainings for newsroom, meetings/crisis management/handholding, pitching/writing/editing","- Director: Started at $90k, raise to 95. 
- Social Media Editor: Started at 70k, raise to 75k
- Production Coordinator (TV/digital): 47k
- Production Assistant (TV/digital): 42k
- Editorial Assistant, Hearst: 32k"
Reporter,The Daily Beast,"55,000",Woman/White,2,,Write 2-3 stories per week on a range of culture-related subjects. Investigative reporting and criticism. ,
Digital Strategist,The Denver Post,"$45,000 ",cis white women,2,Denver,"Social media, website management, production, analytics, engagement, etc.",
Digital Strategist,The Denver Post,"53,000",White cis lesbian,3,Denver,Produce and grow the audience of a separate entertainment and outdoors site,"General assignment reporter - 43,000 after 2 years"
Editor,The Economist ,"$65,000 ",Cis white female,6,,"Writing, assigning, editing, strategy ",
Reporter,The Ellsworth American,"$24,622 (with benefits, after taxes)",Cis woman/White,2,Maine,"Reporter, weekly newsletter writer, Instagram manager",
Student Writer/Intern,The Fresno Bee,$12/hr,Female,3,"Fresno, California","crime, breaking news, general assignment",
Reporter,The Gazette,"$41,000 ",cis-het white female,6,"Cedar Rapids, Iowa",Reporting and writing,"Editor for online publication, $40,000"
Digital editor,The Gazette,"$42,420 ",cis white male,4.5,"Cedar Rapids, Iowa","Graphics/video/podcast production, copyediting, social media, breaking news","Hired at $39,000"
Deputy Head of Department,The Globe and Mail,"111,000 (plus 10%+ bonus)","Male, POC",12,Toronto,"Manager. 14 direct reports across photo, graphics, videos, design, data journalism, editing and design. Responsibilities for budget, staffing, career dev, performance reviews, visual storytelling (assigning and ideation), on-call, viz-journalism strategy.  Responsible for visual across all platforms: screens, magazines, and news print. ",Art Director. 100k. Design Editor 95k. 
Photo Editor,The Globe and Mail,95-97k,Male,35,Toronto,"Daily assigning, editing, print and digital placement and slotting, photo enhancement, industry outreach, documentary storytelling and editing, industry outreach, advocating for visuals and photos. ",
Reporter,The Globe and Mail,"145,000","Male, White",20,Toronto,Investigative/enterprise reporter ,
Columnist,The Globe and Mail,"200,000","White, Male",25,Toronto,Politics columnist,
Freelance Opinion Columnist,The Guardian,"$50,000 ",Cis White Lesbian,6,New York,"Write one 800-1000 word column per week, pegged to the news cycle. ",$45000 as an assistant literary editor
Freelance Journalist,The Guardian,"$25,000 ",cis white male,5,"New York, NY","Contribute on average one feature, independent reported story per week, 40-50 so far in 2019",
Reporter,The Hechinger Report,"$70,000 ",female/white,10,HQ in NYC,"Education reporting, some editing and management duties","$55,000/Reporter | various/freelancer | $13 per hour/intern | unpaid intern (school credit)"
Senior Editor,The Hechinger Report,"$72,000 ",hetero woman of color,13,Company is in New York but I work remotely,"Write weekly newsletter and long features, plus some project management","Reporting, editing and producing; I started that role making $60,00"
reporter,the hill,"$50,000 ",white male,2,d.c.,"cover a beat, mostly centered on capitol hill",
Reporter,The Hill,"$55,000 ",Cis white male,4.5,"Washington, D.C.",Spot/general assignment reporting,"Hired at $50,000"
Reporter,The Hill,"57,000",,5,Washington DC,,
Staff writer,The Hill newspaper,"$58,000 ",White cis female,,"Washington, D.C.",,
photographer,The Hill Times,37000,Cis male/white,11,"Ottawa, ON, Canada","shoot daily news assignments, identify and assign photo assignments for potential coverage, organize and maintain photo archive onsite and in cloud, coordinate with reporters to manage imaging needs for publication",
Data Journalist,The Houston Chronicle (Hearst Newspapers),60000,Female (cis)/ White,3,"Houston, TX","request and analyze data, build web applications and interactives, report and write","previously hired at 50k in Dallas, TX as a Data Journalist. After nearly two years left at $53k."
Reporter,The Information,"$60,000 ",Cis white male,7,NYC,"Reporting, writing",
Reporter,The Intercept,"$49,000 ",,10+ years,NYC,"reporting, researching, and writing",
Editor in Chief,The Intercept,"$368,249 ",F/W,30,New York City,Go to meetings,
Reporter,The Jerusalem Post,30000,cis white female,10,"Jerusalem, Israel",report / write several stories a day,
Reporter,The Morning Call,48000,White male,7,"Allentown, PA",,
Reporter,The Morning Call ,"$47,000 ",White female,12,Allentown,,
Staff writer,The New Arab ,"UK £23,000 ($29,537)",Cis White Female ,1.5,"London, UK",,Freelancer 
Staff Writer,The New Food Economy,"65,000",straight white male,4,NYC,News and feature writing,
Reporter,The New Food Economy,65000,Cis-het WOC,3.5,New York,News and feature reporting,$42K social media manager at The Stranger
"Co-Founder, Publisher",The New Stack,$125k,male/white,30,"Portland, Or.","Editing, podcasting, business development, management","Same salary: Founder, Editor-in-Chief, TNS; $65k, Freelance writer, TechCrunch, other pubs"
Senior Editor,The New York Times,"$125,000 ",WOC,10,NYC,Assign and edit articles,
News Assistant,The New York Times,"60,000",White female,2,New York,,
Reporter,The New York Times,"$133,000 ",cis white male,13,"New York, NY",Reporter,"First job out of college, reporter at a larger regional paper: $33,000. Then over the years: $55,000, $62,000, $98,000, $102,000."
Assistant Video Editor,The New York Times,"$57,980 ","Female, Hispanic",4,New York City,"Video editing, publishing, producing, field producing, writing, associate producing etc. ","associate producer, production associate, etc. "
Reporter,The New York Times,"$125,000 ",cis male black,12,,Report on various stories around the country,
Photo Editor,The New York Times,$127k,African American Cis Male ,3,New York City,"Assigning photographers, producing visuals for stories and working with photographers to create more visually driven stories. Also working with some video along the way. ","$95k - Photo Editor - The Washington Post ($10k signing bonus) 
$85k - Sr Photo Editor - ESPN "
Staff Editor,The New York Times,"$83,000 ",Female / White,10,Hong Kong,,
News Assistant,The New York Times,"$56,000 ",Cis white male,1,NYC,"Answer phones, social media, scheduling, room booking, catering, training reporters/editors in new skills, helping editors/reporters with questions, some reporting/writing","Editorial fellow, $10/hour"
Staff Editor - Photo,The New York Times,"$130,000 + $2,000 bonus annually (most years)",cis white male,8,New York,"Assign photographers, produce stories, plan coverage of major news events","Associate Photo Editor $51,000/yr, Photo Editor $40,000"
Editor,The New York Times,"$120,000 ",Cis male/non-white,8,New York City,Writing/Editing/Production,
Photo Editor,The New York Times,"$102,000 ",Female / White,6,New York,"Assigning photographers for daily coverage and enterprise stories, producing visually driven stories","Photo Editor - $100,000
Freelance Photo Editor - $40/hour
Associate Photo Editor - $45,000"
"Executive Editor, News",The New York Times,"350,000",Black,30,New York,,
Photo Editor (freelance),The New York Times,"$56/hour ($90-100,000 annually)",White cis female,6,New York,,"Photo Assistant ($38,000); Freelance Photo Editor ($27/hour) -- both at major national magazines."
Graphics Editor,The New York Times,"$110,000 ",Female,5,New York,,
"Graphics Editor (really a reporter, I don't act in an editor capacity)",The New York Times,"122,000",cis poc woman,5,New York,create interactives and other graphics,similar job not at NYT: 55k to 80k+
Deputy National Editor,The New York TImes,"175,000","Female, White",15,New York,,
Sr. Visual Editor,The New York Times,"150,000","Male, White",13,New York,Driving visual coverage and storytelling for a section of the newsroom,
Graphics Intern,The New York Times,"$56,000 ",cis male / taiwanese,1,"New York, NY","Had similar responsibilities as a regular reporter in the core Graphics team (e.g. embeds, visual production, debates coverage)",
Assistant Editor,The New York Times,"135,000",white man,10,New York,,
Freelance journalist,"The New York Times, Forbes.com, The Guardian (U.S.)","$26,000 estimated in 2019",male/white,38,"South Orange, N.J.","Reporting and writing pieces for a newspaper, website and blog.","Staff writer, Dallas Morning News and Philadelphia Inquirer. Also, contributor, The Wall Street Journal."
Reporter,The News Journal ,"$56,100 ","Cis female, white",4,Delaware,Enterprise/watchdog reporting ,"$33,000 at small daily newspaper "
Multimedia Journalist,The Oakland Press,"31,000",Cis White Male,3,"Pontiac, MI","Beat reporting for several towns in Oakland County, MI",
Editor,The Onion,"34,000",cis white male,4,Chicago,"Wrote and edited local entertainment features, columns and hundreds of concert previews for The Onion's weekly print edition and daily A.V. Club website, building a distinct local voice and audience for a national media outlet.
Led editorial expansion from a weekly print section to a daily local arts website.
Managed Twitter and Facebook accounts and weekly email newsletters.
Worked with freelance writers, photographers, an assistant editor, and interns to meet daily and weekly story deadlines and maintain an online events calendar.",
"Project Manager, Art Department ",The Onion,"55,000.08",Cis White Female,4,"Chicago, IL ","managing workload of GFX team and distributing assignments, communicating between departments, general team admin, maintain props, facilitate work of our art director","When I started at the onion I was a art department project coordinator making 45k (negotiated up from 40k). A year in, I was given the title of project manager and raised to 50k. At the start of this year, our union contract raised me to 55k. "
Video Senior Producer,The Onion,65000,Cis white male,5,Chicago,"Produce, direct, oversee video production for publications",
Video producer,The Oregonian,"67,000",Female,5,"Portland, Oregon","Produce, shoot and edit short-form, long-form and series-based videos",
Audience Engagement Editor,The Philadelphia Inquirer,"70,500",cis Black Male,8,Philadelphia,"Analyzing social and digital traffic, publishing on branded accounts and highlighting opportunities to increase reach, readership and engagement. ","social media producer 32,000 - 34,000 (2012 - 2014)
digital producer 45,000 - 47,000 (2014 - 2016ish)
Social Media Producer 70,000 - 74,000 (2016 - 2018)"
Reporter,The Philadelphia Inquirer,"~53,000",WoC,2,Philadelphia,"Reporting, writing, etc.",
reporter,The Post And Courier,"$33/hour, target 45 hours per pay period",cis white male,10,Charleston SC,"pitching, reporting, writing","All NYC: coordinating producer, 100,000; producer, $85k; senior writer, $72k; staff writer; $60k; editorial assistant $37k"
Reporter,The Post and Courier,"$39,500 ",cis white female,3,Charleston,News reporter,Started at $35k
Reporter,The Post and Courier,38000,White cis male,8,"Charleston, S.C.",,
Editorial / Executive Assistant ,The Real Deal ,"$45,000 ",Cis White Female ,3,New York City,"everything from managing EIC's calendar and email, acting as central admin for 50+ employees, schedule and coordinate all internal and external meetings for editorial team, booking all travel for editorial team, posts jobs resume reading phone interviewing and scheduling, research projects, transcribing and proofing, etc etc etc etc etc etc etc etc etc etc etc etc ",
Writer,The Ringer,"$84,000 ",White female ,6,,"Writing features, essays, blog posts ","Gizmodo senior writer, $70k "
Reporter,The Sacramento Bee (McClatchy),"$41,500 ","Cis woman, PoC",1,"Sacramento, CA",General assignment beat reporter,"Full-time intern, $35,000"
Reporter,The Salt Lake Tribune,$19.58/hour,Cisgender white female,3.5,"Salt Lake City, Utah",Beat coverage,None
Newsroom Developer,The San Francisco Chronicle,90000,"He/Him, Bengali",3,"Bay Area, United States",Develop design enterprise stories and  templates for digital platforms,"Interactive producer: 85000 salary
Designer: 60000 1yr contract
Producer: 47500 1yr contract / part time
Producer: $20/hr contractor / part time"
Reporter,The Seattle Times,"$63,000 ",Cis white male,9,Seattle,"Reporting, writing",
Reporter,The Seattle Times,"$54,690 ",White cishet woman,1,Seattle,Report. Write. ,
Producer / engagement editor,The Seattle Times,$48.5k / year,Male / white,3,Seattle,"Reporting, organizing events, writing social media copy",
Photojournalist,The Statesman Journal,33K,Female,2,Salem OR,Two photographers handle the photo load for a daily and online newspaper. ,
Staff Writer,The Villages Daily Sun,"$32,000 ",White woman,3,"The Villages, FL",Writing 4-5 articles plus associated briefs for a daily paper,None
Reporter,The Wall Street Journal,"103,000",Cis woman poc,10,NY,"Reporting, Writing","92,000 Reporter "
Senior Video Producer,The Wall Street Journal,"90,000",Male,6,,"Pitch Write, Produce, Edit, Shoot Videos. Help develop younger proudcers",60k
Reporter,The Wall Street Journal,"$68,000 ",White/F,2,NYC,"Reporting, writing",Internships
Reporter,The Wall Street Journal,"$80,000 ",white cis heterosexual female,9,New York City,beat reporting ,"Reporter, $57,000"
Social Media Editor,The Wall Street Journal,65000,Cis asian female,6,NYC,"Maintain off-platform channels, graphic design, conduct studies on performance",N/A
reporter,The Wall Street Journal,130000,cis white female,8,San Francisco,,
Reporter,The Wall Street Journal,"$75,000 ",cis white female,3,New York City,Reporting breaking news and writing features,"First Job: $50K, Second job: $50K to $65K over two years at second job (increased salary thanks to union membership + a job offer from a different publication)"
Staff Editor,The Wall Street Journal,"$116,000 ",Cis white/Asian woman,13,New York,Assign and edit all articles in a section. ,"Digital Editor at Conde Nast ($90k), Digital Editor at Forbes ($68k)"
Associate Graphics Reporter,The Wall Street Journal,70000,,2,"New York, NY",,"SF Chronicle intern: 16.50/hr, Texas Tribune fellow: 5k stipend"
Graphics Director,The Wall Street Journal,180000,F/W,,"New York, NY",,
Graphics Editor,The Wall Street Journal,103300,F,9,,,
Associate Video Journalist,The Wall Street Journal,"$65,000 ",Cis Female/Latina,2,NYC,"Pitch, script, shoot, and edit videos for social media and website",~25/hr as an intern
Assistant Editor,The Wall Street Journal,"$38, 532 (base, excluding overtime)",Cis Female / PoC,2,"New York, NY","Fact-checking/ proofing; pitch, report and write stories; coordinate market and market credits; coordinate visuals and shoot production; scheduling for senior editors; long-term planning; project management; liaising with brands and PR; building out/ refining team organization",
Photo Editor,The Wall Street Journal,"81,000",Female,23,New York,Producing editing photo shoots for print and digital,"90,000/Photo Editor"
Video Journalist,The Wall Street Journal,"76,000",White female,6,New York,"Video editing, reporting, scripting, motion graphics","Started at $72,400 - received basic 2% raise"
Staff Writer,The Washington Post,"$41,000 ",cis white male,6,Washington DC,"writing, researching, editing, some aggregation",
Copy editor/slot editor,The Washington Post,"$72,000 ",cis white male,3+,Washington,"Editing/slotting stories across the national, foreign, business, science, local and entertainment sections, as well as online verticals. Editing photo galleries, alerts and other digital content","Copy editor at Washington Post: $56,000 (2016)"
Assistant editor,The Washington Post,"$75,000 ",cis white male,3,Washington,Daily production duties and soliciting/editing articles,"Copy editor at WP $63,000, producer at WP $68,000"
Opinion Writer,The Washington Post,"$91,000 ",cis white female,3+,Washington,"writing, reporting","Producer/asst. editor at TWP: $56,000 (2016) $58,000 (2017) $68,000 (2018)"
Staff Writer,The Washington Post,"$36,000 ",PoC female,3,Washington DC,"Writing, research, editing stories",N/A
Social Media Producer,The Washington Post,"$60,000 ",Cis black woman,1.5,Washington DC,"scheduling and managing accounts, news-gathering and breaking news","$43,000 - social producer at a nonprofit"
Staff Writer,The Washington Post,"$95,000 ",cis white woman,8,"Washington, D.C.",Report and write stories,"Video Editor $58,000-$87,000"
Reporter,The Washington Post,"86,000",Asian male,7,"Washington, D.C.",Beat reporter,"Hired at 65,000."
Assistant editor,The Washington Post,"92,500",Cis white male,5,"Washington, DC",Commissioning and editing articles,"Freelance for 3.5 years, previously non-journalism academic work"
Audio Producer,The Washington Post,"92,000",Female / White,7,"Washington, DC",,
Reporter,The Washington Post,"89,000",Cis white female,5,Washington DC,"Reporter, writes features, covers national breaking news",
Social Media Producer,The Washington Post,"$68,500 ",Cis-het POC male,4,"Washington, DC","Writing/scheduling social media posts, creating social media plans for projects",
Staff writer,The Washington Post,"$103,000 ",Cis White Female,40,Washington DC,"Report, write stories","Hired at $90,000 as an editor after previous job where I made $125,000, also as an editor."
Reporter,The Washington Post,"85,000",cis male POC,17,"Washington, D.C.",beat reporter ,"community manager at nonprofit news org (62,000), reporter at state metro (57,000)"
Social Media Producer,The Washington Post,"$65,300 ",Cis poc male,8,Washington D.C.,"Writing/scheduling social media posts, creating social media plans for projects",
Social media,The Washington Post,75K,"POC male	",4,DC,Social and breaking news,
Social media producer,The Washington Post,"67,00",Cis white female,8,"Washington, DC",Managing social accounts,
Senior Producer,The Washington Post,"100,000",cis white gay man,5,Washington DC,daily operations for a news show,"86,000 Senior Producer, WNYC Studios
75,000 producer wnyc studios
Various freelance / fellowship work before then"
Staff Writer,The Washington Post,116000,cis white male,11,"Washington, DC",covering the news,
Multiplatform editor,The Washington Post,"$65,000 ",Male/Hispanic,4.5,"Washington, D.C.",Building app edition and curating story files,">$35,000/Freelancer"
staff writer,the washington post,"77,000",white woman,6,DC,"reporting, writing, aggregation",
Designer,The Washington Post,"$80,000 ",nonbinary/white,7,Washington DC,"animation, layout/design, illustration","$77,000 video editor/animator; $72,000 graphic designer"
Multiplatform Editor (Part-time),The Washington Post,"$56,000 ",Cis female / Latina,2,Washington DC,"Editing stories and online verticals for grammar, consistency, style, and facts. Editing photo galleries, alerts and other digital content",Internships that paid much less
Video journalist/editor,The Washington Post ,"$75,000 ",Cis-POC female,8,"Washington, D.C.","Edit, shoot, write, voice overs, hold down the fort b/c managers can't edit video","Started at $65k. Tried to negoitiate but told there was no money left in the budget. Got a 2.3% merit raise a year later to $68k, negotiated to break into the $70ks after job change. Found out the person before me in my position was making close to $100k. "
Multi platform editor,The Washington Post ,"$71,000 ",Cis /POC,12,Washington DC,,
Health Reporter,The York Dispatch,"$23,500 ",cis-gender bisexual white female,10,"York, PA",Cover health issues in SE PA,
Writer,TheSkimm,"$72,000 ",Cis POC Female,2,New York,"Writing, editing, fact-checking",Assistant Editor 
Social Media Specialist,Think Tank,"58,800",Woman / African American,10,"Washington, DC","Everything media management - social media, digital toolkits, shareholder and corporate communications, strategic planning and marketing - all the goods.","PR Assistant ($40k), Marketing Associate ($48k)"
Fellow,This American Life,"$6,250/month - 75k/year (public on their website)",,,New York,,
staff writer ,thrillist,"starting salary $60k, after one year $68k with union raise",cis female / white ,4,NYC,seo posts and feature writing ,
Associate Video Producer,TIME,"$53,000 ",WOC,3,New York City,"Produce breaking news videos; Pitch, report on and produce longer feature video stories",
Associate Video Producer,TIME,"$53,000.00 ",cis hetero male poc,3,NYC,"pitch, write, shoot, edit breaking news videos","$43,000.00 (same position)"
Associate editor ,TIME,"45,000",White Cis Male,3,NYC,"SEO, Web Production, Writing, Production Management, Audience Dev ","40,000, 38,000 as Web Producer "
Associate Photo Editor,TIME,"$68,000 ",Cis white female,3,New York,"Assigning photographers for print and online stories, working on feature stories, portraits, and TIME covers. Shoot production for large scale projects. Website photo production for large scale projects. Photographing for magazine. Training all non photo editorial staff on photo best practices/photo research. Live event editing. Creating photo illustrations. Breaking news coverage. ","Intern - $17 and hour / Multimedia Editor -$55,000"
Senior Art Director,TIME,"$102,000 (starting 2014)","straight cis male, chinese-american",20,New York,"editorial print design (everything except cover), illustrator, hire and art direct freelancer, animated instagram stories","prev HuffPost ($90k senior designer), Boston Globe (80K features design supervisor), Chicago Tribune 65K, San Jose Mercury News 80k, OC Register 45k"
Associate Video Producer,TIME,"$57,000 (~64k w/ OT)",Male/White,3.5,New York,"Produce breaking news videos, produce middle-form videos, manage YouTube channel, ",Production Assistant 
Video Producer,TIME,"71,000",,5,New York,,
Reporter,TIME ,"45,500",White cis female ,1.5,New York City ,"Reporting for Newsfeed vertical on entertainment, viral news, culture, etc. -- Still assisting News team with previous responsibilities as producer ",8 months as Producer on News Desk (35K-ish + overtime) 
Senior Editor,"Tiny media start-up, 2 employees","75,000",Cis woman / white,3,Manhattan,"Assigning, editing, and writing multiple stories a day, overseeing video and social","Associate editor (62K), Reporter (60K), Associate editor (50K)"
Researcher,TMZ,"$65,000 ","White, Female",5,Los Angeles,"Researching stories, copy editing, posting",
Digital managing editor,Too small to be named outright without being indentified,"72,000",Cis white male,9,New York,overseeing digital and social teams,
Managing Editor,Too small to be named without identifying myself,"$65,000 ",CIS white male,4,"Vancouver, Canada","Managing editorial team, approving pitches, editing, content strategy","Data journalist $55,000, Creative director $65,000"
Staff reporter,Too small to name,"$26,000 (before taxes)",Cis woman/ African American,1,Chicago,write 5-7 stories a week,
"Project editor/managing editor, digital",too small to name,"76,500 after taxes",Cis white female,25,New York City,"Overseeing a website vertical, writing, managing client content, 50+ freelancers","Senior digital editor, $75k"
Managing Editor and Writer,Too small to name w/o outing myself,"34,000",Cis woman,10,New Jersey,"Cover news and conduct interviews, create monthly newsletters, edit print magazines with EIC, write: features, case studies, etc","Editorial assistant, news reporter, freelance writer - prev salaries range from 24,000 as a reporter, 28,000 as an EA which got bumped to 32,000 and eventually a managing editor, varying freelance rates"
Senior Writer/Team Leader,"Too small to name, completely remote company","$54,080 plus monthly page view performance bonus",Black woman,5,New York City/remote,"Write 4-5 articles a day, manage a team of writers, manage several team meetings for writers, conduct interviews, and cover events","When I was a writer my salary was $41,000 and later I negotiated for a 6% raise. I started in my current role at $52,000 then I negotiated again."
Social media producer,Toronto Star,"$42,000 ",cis white female ,3,Toronto,"Managing social media accounts, using social media to contribute to reporting ",
Staff Reporter,Toronto Star,17/hr,white cis woman,3.5,Toronto,"Daily news reporting, writing most often about crime, like shootings and stabbings. Also a generalist reporter. ","900/month, editor in chief at a student newspaper in Montreal "
Digital Editor,Toronto Star,"125,000 + bonus","Female, White",15,Toronto,Digital leadership and 8 direct reports. ,"115,000"
Reporter + Photographer,Toronto Star ,"$44,000 (Canadian)",white cishet male,2,"Calgary, Alberta",#NAME?,
Associate Editor,Toronto Storeys,"$50,000 ",White + Non-Binary,3,Toronto,write/edit/assign stories,
Junior Reporter,Toronto Sun ,"71,000",Cis-het Jewish male,4,Toronto,pnts,Bnai Brith Canada
Reporter,TorStar,"$46,000 (CAD)",Female POC,5,Edmonton,"report/write daily news and enterprise, oversee analytics","$55,000 at CBC, reporter/ cover daily news for TV, radio and web. Freelancing before that for $70 for a 600 or longer piece and $40 for a 300 - 500 piece. "
Advertorial,Torstar,"36,000",POC ,2,Canada,write and edit advertorial content for all local papers and magazines ,freelance 
Senior Staff Writer,TrackRecord (Gizmodo Media Group),"$70,000 ",Cis / Black ,4,New York City,Writing a few blog posts a day and a desire to do bigger features but that never quite materialized. ,"(This was in 2017, my last full time media job. 2016: MTV News Staff Writer - $55,000 (Contractor, so no health care or benefits) / 2015: Part time at Live Nation TV ($150 a day for 2 days a week) and Inverse ($150 a day for 3 days a week) "
Managing Editor,Trade Journal,"$51,000 ",Cis White Female,4,Chicago,"Writing, editing, reporting, social media, influencer marketing, copywriting sponsored content",None (first job out of college)
Senior Editor,Trade Magazine,65000,Male ,20,"Houston, Texas","Daily reporting, international travel, advertising sales support","$80,000 Editor-in-Chief"
Editorial Assistant,trade magazine,"51,000",CIS white female,3,New England,,
Writer/Editor,Trade Magazine & Website (too small to name without identifying myself) / remote,"86,000",female/white,20,San Francisco Bay Area,"Writing, editing news and feature stories, etc.","Staff Writer, Producer, Duty Editor, Correspondent"
Tech Reporter,Trade pub covering banking in Asia,26500 HKD,cis woman / chinese,1,Hong Kong,drive tech beat; moderate company events; bring in tech companies' business/sponsorship for the company,
Reporter,Trade Publication,"70,000",Non-binary/White,7,"Washington, D.C.","Reporting, editing","Editorial position starting at $36k, reporting gigs at $47k and $52k, previous nonprofit jobs at $35k"
Senior Staff Writer,Trade Publication,"$50,000 ",Cis White Gay Male,8,Greater Philadelphia Area,"Produce short-form web and print content, write one heavily researched cover story (3000+ words) per month, provide on-the-ground conference coverage as needed (typically 3-5 conferences per year)","Started as a staff reporter making $38,000/year. Promoted to staff writer with raise to $43,000/year. Current title and rate of pay after being with the company for 7 years."
Senior Reporter,Trade publication ,"$80,000 ",Cis queer white male,7,NYC,"Write daily reported beat stories, and longer features.",Staff writer at a tech pub: $75k
Editorial Associate,Trade publication/National association,"$46,000 ",Cis white woman,2,DC/Baltimore Metro Area,"Weekly newsletter articles, write monthly features, edit monthly magazine, design surveys for in-house research, edit in-house text books, manage newsletter for sister organization, manage Twitter account, travel bi-yearly to national conferences to cover.","Arts Editor at alt weekly in upstate NY, $11 an hour @ 20 hours a week."
Senior Editor,Trade Publishing Company,65k,cis multi-racial woman,10,NY,,"30k @ assistant editor, 35k @desk editor, 53,500k @ associate managing editor, 70k @ managing editor"
Reporter,Tribune,42000,cis white female,7.5,Virginia,daily and enterprise reporting covering local school districts,"reporter at BH Media (35k), fellowship at nonprofit (39k)"
Reporter,Tribune,"50,000",cis female white,3,Orlando,"Report on breaking news and criminal justice, working on dailies and enterprise stories for a daily newspaper. Beat reporter for certain law enforcement agencies and jurisdictions. ","Crime/Criminal Justice/breaking news reporting in Baton Rouge for 3 years, 39k-44k"
Reporter,Tribune Publishing,"$33,500 ","white, bi, cis man",2,"Hampton Roads, Virginia",General assignment reporter with a 5-days-a-week cops shift.,Entry-level job. Non-journalism bachelor's degree & editor-in-chief of major state college newspaper. Previously intern ($10/hr).
Assistant digital editor,Tribune Publishing,"$35,000 ",white genderqueer,1,Chicago,"Social media, pitching and editing digital stories, also pitching long-form features for monthly print magazine",
Staff Writer,Tribune Publishing,"$35,000 ",Cis white male,6,Hampton Roads,"Writing, editing, and shooting photos for a weekly business journal. Attending events, developing sources, operating a content management system. ","$25,000, staff writer, Southside Virginia daily with BH Media
$22,000, sports reporter and designer, community weekly in Georgia"
Print Production Specialist ,Tribune Publishing,"$42,000 before tax",female/white,8,Chicago,"design and edit copy for Chicago Tribune, Baltimore Sun, Hartford Courant, Orlando Sentinel, Sun Sentinel","32,000 // Editor/designer // 38,000 Editor / designer"
Designer/editor,Tribune Publishing,"51,000","bi female, white",9,"Chicago, IL",Designing and editing for print,"Previously $35,000 to design at another hub"
Senior Photo Editor,Tribune Publishing,"770,000",Male/Hispanic,30,Florida,"Photo editor, photo assignments, managing photo department ","65,000"
Editor/Designer,Tribune Publishing,"$53,000 ",Cis straight white female,30,Chicago,"Source edit, copy edit, page design for print publications across Tribune Publishing","$80,000+ / section editor at major metro paper"
Homepage/social media editor,Tribune Publishing -- Chicago Tribune,"$51,000 ",Male / White,8,Chicago,"Edit homepage, post on institutional social accounts, cover breaking news, work with reporting teams to prepare projects for online success",
Reporter,Tribune Publishing newspaper,"52,000",White cishet male,2,,,
Senior Interactive Producer,Tribune TV affiliate  (before sale to Nexstar),"$51,000 ",white-cis-female,10,"Richmond, Va","content, independent reporting, minimal video editing, drone operation, social media channels, field producing","Started position at $36,000 in 2012, ended at $51,000 in 2018. Master's degree."
Reporter,Tribune/ The Virginian-Pilot,"$40,800 ",White male,6.5,"Norfolk, VA",City Hall reporter,
Digital Producer (part time),Tribute affiliate station,11.70/hr,White female,0,Midwest,"Manage station social pages, write up reporter packages for website, manage website","n/a, this was an entry-level position"
Editor in Chief,TripAdvisor Media Company,"110,000",Female,15,"Ewing, NJ","editing, writing, management team",
Web Producer/ Assignment Editor,TV Top 10 market,$20/ hr,Cis white male,2,SF,"Posting reporter's stories, as well as my own write ups to the website. Working the assignment desk.",Freelancer $250/ article
Reporter,U.S. News,"$54,000 ",Cis white female,3,DC,Reporting a mix of daily news and enterprise stories,starting salary is $48k
Staff writer,U.S. News,"$48,000 ","female, white",1.5,D.C. ,Report/write 2-7 stories/week  ,
Senior Writer,U.S. News & World Report,"89,000",Female/White,12,"Washington, DC",Print reporting,
Global Media Manager,Universal McCann,"85,000",Female/ Black,5,New York,"Account Management, Media Planning",
Editorial Production Assistant ,University ,"$48,000 ",Cis woman/East Asian,2,"Boston, MA","University calendar management, story production (layout, copy editing, photo selection, SEO headlines, heds/deks/summaries) via Wordpress, newsletter assembly (as needed), occasional writing/reporting, managing additional side projects (as needed)","2.5 years of post-college experience; 3.5 years of in-college experience
First ""real job"" post-college: Digital content coordinator (~$35,000/yr)
Current side gig: Freelancer for various publications ($600-$800/article) 
In between graduation and first job: Freelancer for Gatehouse media (~$50/article)
In college: Contributing writer ($50-$75/article)"
Program Director,University Licensed NPR Radio Station,"$91,000 USD annually",cis white male,25,Southeast Michigan,,
Science Writer / Tech Marketing Associate,University of Pittsburgh,36000,Cis/female/white,2,Pittsburgh,"Science writing, editing, database maintenance, marketing outreach",Would like to add: generous tuition benefit; Pitt listed salary range as 29-43k.
Investigative Multimedia Producer + Reporter,Univision 2014-2015,"$75,000 + full benefits, 401k",White,10,Miami / international assignments,"Producing, research, reporting on camera, editing, etc. ",Freelance 
Deputy Entertainment Editor,Uproxx,"85,000",Cis White Female,10,SouthEast USA,"Managing freelancers, running editorial calendar, editing, writing","Other companies: Content Writer ($35k - $45k), Senior Editor ($70k)"
Senior Writer,US News and World Report,"80,000",Male/White,11,"Washington, DC","Print reporting, some broadcast, a little editing",
Reporter,USA TODAY,"84,000",cis white male,8,Remote,Writing and reporting on national sports stories,Online producer and writer in a major market - $36K 
Reporter,USA Today,"77,000",cis white woman,6,,,
Deputy section editor,USA TODAY ,"$125,000 ",White cis female,10,Remote,"Editing, planning, strategy",
Senior Video Producer,USA Today/Reviewed,"$50,000 ",cis-het white male,10+ years,Boston,"Shooting, editing, posting and managing video library and equipment","$25k - Production asst/Part time editor @ Gannett/WZZM13 Aug 2007
$30k - Videographer and 6pm/11pm news editor @ Gannett/WZZM13 2009
$40k - Video produer starting salary @ Gannett/Reviewed Nov 2011"
Editor,USA Today/Reviewed,"$50,500 ",cis white woman,2+,Boston,"Editing features and reviews, assigning articles, content planning, writing, testing",N/A
Editor,USA Today/Reviewed,"$50,500 ",cis white male,7+ years,Remote,"Managing writers/freelancers, editing, writing, photography, product testing, content planning, loan relationships, testing methodology, section planning","Started at $28k + bonus in 2012 as staff writer, promoted to senior staff writer in 2014, promoted to Editor in 2017"
Video Production Manager,USA Today/Reviewed,"62,000 (in 2018)",cis white male,10,Boston,"Manage media team; produce, shoot, edit video; oversee media scheduling; develop photo/video strategy","45,000 (staff writer/video producer in 2008); 55,000  (video manager in 2014); left media industry in 2018"
Editor,Valnet,30000,"Cis female, white",8,Montreal,Writing/editing,N/A
Freelance producer/shooter/editor,various national news outlets ,$500 per day,White Male,20,New York,"producing, shooting, & editing news packages of various length",
Freelance Writer and Editor,"Various, non-profit, for-profit, and venture-funded startup",$50/hour,Female,8,SF Bay Area,"Pitch, assign, edit, and publish articles online. All production, photo research, and SEO are also done by me.","Contract fact checker at a Time Inc. Mag: $12/hour; Contract digital producer at a Time Inc. Mag: $20/hour; Temp. Digital Editor at a Time Inc. Mag: $22/hour. Full time writer and producer at a (defunct) ed. tech startup: $45,000-72,000/year"
Video Producer,Verizon Media,"$67,000 ",Latinx,2.5,NYC,,
Producer,Verizon Media,"90,000",F / Hispanic,5,NYC,Produce digital video content,
Senior Editor,Verizon Media Group,"92,500",Poc male,9,NYC,"Reviews, event coverage, analysis ",
Senior Editor,Verizon Media Group,"$86,000 ",Nonbinary Latinx,15,NY,"Writing features, news, reviews
Assembling buying guides
Scripting and appearing in videos","Associate Editor - $57,000
Assistant Editor - $34,000"
Editorial Curator,Verizon Media Group,"66,000",white cis woman,2,,,
Staff writer,Vermont media outlet,"$40,000 ",cis white female,1,"Burlington, VT","Pitching, writing and reporting 1-3 stories per week ","Recent college graduate, only experience was student newspaper and internships"
Marketing Coordinator,Viacom,"56,500 + overtime",Cis white female,4,"New York, NY",Planning and executing media plans,53k at marketing tech company as Associate Account Manager
Freelance Art Director,Viacom,600/day rate ,CIS Asian Female,10,NYC ,Art Direction for on-air promotions. Also work on off air stuff. Responsible for AD responsibilities as well as execution of art and design. ,"- Was staff Art Director at Viacom for a few years, with annual salary starting at $125,000, around 2016. Got laid off before hitting the 2 year mark because of internal company consolidation. 
- Freelanced around within the post production industry with day rate varying from $500-$750 a day
- Currently permalancing at Viacom at $600/day "
Sr. Graphic Designer,Viacom,113000,cis-queer-Black-woman,8,NYC,"Art director and designer for on-air animation, off-air promotional ads, concept pitches, & production shoots for varying network tv shows.","Freelance graphic designer and art director ranging from $600/wk, $800/wk pre-tax, to $20-30/hr. Worked for editorial magazines and government related companies."
Social Media Manager,Viacom,"$74,000 ",Cis white female,4,NYC,,
Assistant,Viacom,$20/hour + overtime,cis white woman,2,"New York, NY",general assistant work + ad ops & programming,"previously intern at Viacom, NBC, + management and production companies"
Staff Writer,VICE,"$52,000 ",cis white male,2+ years at VICE,NYC,"Daily blogging, feature writing, short-to-midlength takes","junior staff writer: lots more blogging, less feature writing. $50,000"
Associate Producer,Vice,"$62,000 ",cis white woman,2,NYC,"pitching, developing, hosting, post-producing videos",
Senior writer,VICE,"$75,000 ",Cis white female,5,NYC,"Daily blogs, pitch 3+ longer lead/reported pieces per week, produce 1-3 longer lead pieces per week, occasionally work on feature stories","$71,000 as a writer at Hearst"
Senior Staff Writer,VICE,"$80,000 ",white woman,8,"Brooklyn, NY","daily blogging, features reporting","Staff Writer ($65,000), Freelance Contributor ($250/day), Staff Reporter ($62,000), Assistant Editor ($25/hour with 1.5x overtime), Copywriter ($35,000)"
Senior Editor,VICE,"92,000",cis white man,9,LA,writing and editing stories from blogs to features,"started as a ""part time"" (lol) assistant making 23k in 2010"
Senior Editor,VICE,88000,Woman / Pacific Islander,5,NYC,,"Culture Editor at VICE: 78,000
Deputy Editor at Complex: 55,000
News Editor at Complex: 50,000"
Social Manager,VICE,"$76,000 ",Cis White Female,4,New York,"Planning/executing/reporting on paid social media campaigns
Managing social media marketing budget
Some social analytics
Some copywriting","Social Strategist - $275/day (contract)
Coordinator - $42k/year (contract)
Marketing Specialist - $40k/year (salaried, PDX)"
Senior Social Editor,VICE,"$65,000 ",cis white woman,6,Toronto,"Paid and organic social media publishing/marketing/strategy, copywriting, identifying trending stories","2016: $43K starting salary as Social Editor
2017: $52.5K union formed
2018: $56K raise
2019: $65K promotion"
Associate Editor,VICE,"60,000",cis white woman,3,NYC,"assigning and editing ~10 articles a week, writing timely blogs (culture/entertainment) and longer features, participating in editorial meetings and tentpole content brainstorming","I ""pivoted"" to journalism in my mid-20s. Before VICE, I had 2 years experience as a producer at an ad agency; 1 year experience as an executive assistant; and 2 years experience working at an arts nonprofit"
Staff Writer,VICE,"66,000",Asian Mixed Race Woman ,2,Brooklyn,"Write 3-6 articles/wk on my beat, including blogs, longer investigations, scoops, podcasts",
Animator,VICE,"80,000",cis Asian female,5,NYC,Graphics for digital,Took a ~8-10k pay decrease from permalance day rate when given salaried staff position
Periodista Investigadora,VICE,30 mil pesos mensuales,Mujer,24,México ,Investigación,21 mil pesos mensuales en 'El Universal' de México. Editora.
Project Coordiantor ,VICE,"$48,000 + Overtime",Female/ Asian ,0,New York,"Event Production and Planning, Expenses, Invoices, Scheduling, Research, Employee Retention ",N/A 
Video Editor,Vice,"$149,000 ",Male / white,10,New York,Video editing for broadcast.,"90,000 / Editor"
Senior Editor,Vice,"93,000",white cis woman,12,New York,"assigning and editing the work of freelancers and staff writers, occasional reporting",
Digital Producer,VICE Media,"$74,000 ",cisgender woman / bi-racial (Latino/White),4,"New York, NY","Develop, shoot, and post produce content for VICE’s Video Player and YouTube Channel.","Associate Producer
Production Assistant "
Superivisng Producer ,VICE Media ,95000,cis white female ,5,NYC,"overseeing a team of associate producers and producers to ensure videos are up to ethical standards, being delivered on time, and shoots are happening on schedule ",
reporter,Victoria Advocate,"35,000",cis white woman ,4,South Texas,"Reporting and writing news stories. Usually expected to publish a story every day while working on longer term enterprise stories, plus some random extra CMS/social media/website/video chores. ","42,500 as a local editor/reporter at Patch; hourly as an intern/researcher before that"
Permalancer,Voice Media Group,$30 - $100 a post,cis - bi-racial female,4,Remote,"Pitch stories, investigate, features, lists","Editor, writer"
Producer,Vox,"90,000",Cis Female ,7,NYC,"Producing and directing shoots, pitching creating concepts and ideas, writing and research, etx","Producer 75,000, Associate producer 45,000 "
Podcast Producer,Vox,"82,000",cis-gender,7,New York City,"editorial direction, script writing, studio producing, post-production and some marketing for 2x/weekly news commentary podcast",
Senior Editor,Vox Media,"$82,000 ",cis bi-racial female,10+,NYC,"assigning, editing, writing, management","Editor at Vox: $75000 / Editor at regional magazine: $60,000 "
Audience,Vox Media,"$67,000 ",cis POC woman,3 years,DC,"build audience, social strategy, etc.",
Deputy Section Editor,Vox Media,"$91,000 ",cis-het woman,10,,,
Editor,Vox Media,"$400,000 ",cis white female,25+,SF/NYC,"Editing, producing, hosting podcasts, running conferences",
Staff Writer,Vox Media,"60,000",cis-het POC woman,3,NYC,,
staff writer,Vox Media,"93,000",cis bi POC woman,14,DC,writing,
"Associate Producer, Podcasts",Vox Media,"$58,000/yr",cis POC male,2,New York City,"production, marketing, and logistics for various podcasts across our network and verticals","I was freelance, so basically zero dollars lol."
Staff writer/editor,Vox Media,"$64,000 (2016)",cis white female,4,nyc,,
Staff Writer,Vox Media,"$90,000 ",Male POC,7,"Washington, DC",Beat reporting and writing for news and features. ,
Revenue Operations,Vox Media,100000,cis white female,5,NYC,Building revenue systems / managing a team,Marketing Manager / $60k
Editor,Vox Media,"75,000",cis white female,7,"New York, NY","Manage and edit four writers, spearhead development of a vertical","Editor (newspaper), $85,000"
Senior Editor and Writer,Vox Media,"$140,000 ",cis Male,15,New York,Writing and producing a conference,"95,000, Reporter at Bloomberg"
senior reporter,Vox Media,"95,000",male / white,9,DC,Beat reporting / writing stories and features. ,"Original salary as a Vox reporter: $60,000 (coming from another news outlet). Salary increases since through promotion and competing offers. "
Ops Manager,Vox Media,"75,000",Female / Asian,3,New York,,
Associate Video Producdre,Vox Media ,"$82,000 ",Male / Black ,4,NYC,"Pitch, research, gather assets, fact check, coordinate budgets, book talent, edit and produce videos. 
",Freelanced a lot so my salaries varied greatly. 
Senior Correspondent,Vox.com,"$113,300 ",cis-bi white male,7 yrs,DC,"just writing, mostly politics; longform and shorter week-to-week posts",
Senior Correspondent,Vox.com,"$101,000 ",Cis Latin male,7,"Washington, DC",A lot of writing.,
Reporter,Vox.com,"$85,000 ",cis white female,5,New York,"mostly writing, long features and quick hits",
Digital content writer,Wake Forest Baptist Medical Center,55000,No,5,"Greensboro, NC",Light duties. Just write patient stories and web copy as they come across your desk. Very boring but great benefits and pay,
graphic designer,wall decor manufacturer,75000,cis white male,2,"Tampa, Florida",digital creation / manipulation of wall decor art for retail and hospitality,
Staff Writer,Wall Street Journal,"$85,000 ",POC female,7 years experience,LA,"writing, editing","Reporter at LA Times
$85,000 - 2018
$65,000 - 2015
$57,000 - 2014"
Graphics Reporter,Wall Street Journal,"$81,000 ",White female,9,NYC,"Charts and graphics, web development, design, original reporting",
National Correspondent,Wall Street Journal,"79,000","male, black",3,new york,writer and photographer covering breaking news and enterprise stories for the U.S. news team at the Journal,this is my first full time job after college. I previously completed fellowships at a number of national media outlets while in school
Senior Editor,Wall Street Journal,"106,000",cis white male,8,NYC,edit breaking news and features across coverage areas,"Editor: $90,000 (last role); Associate Editor: $63,000 (role before that)"
Reporter,Wall Street Journal,"$118,000 ",cis white male,15,Asia,Writing,
Platform Editor,Wall Street Journal,"$63,000 ",Cis white female ,2,NYC,,Started at $53k
Reporter,Wall Street Journal,"$115,000 ",Female,9,"Washington, DC",,
Reporter,Wall Street Journal,"$123,000 ",White female,20,NYC,"Reporting, writing, some video work, plus the unacknowledged stuff like mentoring younger reporters",
associate producer,wall street journal,"65,000",white woman,2,new york,,production assistant
Section/Department Editor (ret),Wall Street Journal,"$236,000 ",CIS white male,40,NYC,"Oversee all section news and staff, liason with other departments","I retired less than five years ago. This was my total compenstation, including bonus, in my  last full year of employment"
Producer,WAMU,"$67,000 ",white cis female,3,DC,"pitching ideas, booking guests, writing scripts, interviewing, recording field audio, editing and mixing audio, managing audience engagement","media internship x4: $0-$12.50/hr, no benefits
unpaid freelancer
freelance producer: $30/hr, no benefits
freelance producer: $20/hr, no benefits
part-time producer: $30/hr, no benefits
full-time temp producer: $32/hr, benefits"
Assistant Marketing Manager,WarnerMedia,67000,Cis female / Caucasian ,7,Atlanta,Campaign/project management ,Marketing coordinator
Reporter,Washington Business Journal,"$64,000 ",White cis male,5,"Washington, D.C.",Writing daily stories alongside long-form pieces and investigative work,
Staff writer,Washington Post,"150,000",POC Cis Male,13,DC,,
Data Reporter,Washington Post,"$125,000 ",cis-het POC male,7,"Washington, D.C.","data analysis, graphics, reporting, writing","Came on at $90,000 after working as an editor and obtained current salary after two rounds of negotiations with competing job offers."
Photo Editor,Washington Post,"75,000",Female/White,7,Washington DC,"Hire freelancers around the globe, produce and edit multiple shoots weekly, fulfill photo requests for multiple departments, manage handout  images, create visual briefs, handle copyright issues with the legal team. ","Freelance ($100-$250 day rate depending on the client and task) 
Associate photo editor at a daily paper (~50K)
Photo editor at an online publication (60K)
Senior producer at a start up production company (65K)"
Graphics reporter,Washington Post,100000,Cis white male,3,"Washington, D.C.","Data visualization, web development","32000 - copy editor
68000 - graphics reporter"
Sports editor ,Washington Post,"58,000",White cis woman,8,"Washington, DC",Put out a sports section; not a people manager ,
Graphics Reporter,Washington Post,86000,cis-het white woman,4,"Washington, DC","data journalism, graphics, reporting",Started at $80K. Found out — and reported — that I was grossly underpaid. Been slowly working my way up since. Previous fellowship at $40K.
Rachel Justice,Washington Post,"200,000",Ze/zim/zer,12,DC,Burying stories,
Designer,Washington Post,"$80,000 ",female/nonbinary white,7,Washington DC,"animation, digital layout and design, illustration","Video editor/animator $77,000; visual journalist $72,000"
Editor,Wasted Talent Inc,70000,gay / white,10,New York,,
Reporter ,WBEZ,"$63,000 ",Hispanic female,8,Chicago,Reporter on beat ,Cover daily news and features related to my beat for web and radio
Reporter,WBEZ Chicago ,"82,000",Cis White female,25,Chicago,reporting on a beat,Worked in not-for-profit print media
Reporter,"WDET, Detroit's Public Radio Station","$49,000 ",female/white,9,"Detroit, MI","Produce biweekly broadcast features with web stories, weekly news spots, and biweekly two ways. Fill-in anchor as needed",Producer of a daily public radio talk show
Editor,Weather.com,"$96,000 ",Cis White Woman,7,NYC,,
Section Editor,WebMD,"90,000",Cis Latino woman,18,NYC,"Managing a whole vertical, plus social media/engagement. Also took care of editorial budget",
Midday radio host,WEEI,"$16,000 ",White cis overweight male ,35,Boston,"Fake laugh at jokes, kill the ratings of any show I’m on, never question any of my bosses","Only person in Boston to announce all five sports. Former afternoon drive host until I was demoted. Currently stand on a box for NESN ($6,000/year)"
Reporter,Weekly business journal,41000,White female,17,Finger lakes ny,"I have about a dozen beats, all hyper local that include the economy, nonprofits, manufacturing, diversity etc. Also assigned several off-beat stories for special sections.","Editorial assistant, $33000 after 15 yrs"
Copy editor,WEHCO Media,11.50/hr,cis white female,12,NE Texas,"Editing, pagination",
Senior Reporter,Well known trade publication,"$82,000 ","Female, cis, white ",5,NY/LA,"Daily reporting and story writing, regular features, editorial planning and regular oversight of print product, event hosting ","Media reporter (Same pub and salary, started at $75, got a raise to $82k then promoted again) Financial reporter (Same pub $62) Legal reporter ($50k) Corp. bankruptcy reporter (first reporting job, $45k) -- All of these jobs were in NYC between 2014 and 2019 "
University Photographer,Western Carolina University,"34,000",Female/White,4,"Cullowhee, NC","Photographing events, sports, portraits, photo stories, PA for video, some video, editorial work, etc.","Part time- $15 per hour 
Freelance- $250.00- $650.00/ Day rate "
Product Manager,WhereBy.Us,"75,000",White,2.5,"NYC, but making a non-adjusted salary -- fully remote company","User research, technical product manager tasks, documentation, etc","Junior UX researcher/designer at east coast based mainstream media org, job in NYC: 65,000. Associate Product Manager at east coast based mainstream media org, job in NYC: 75,000. "
 Audio producer,WHYY,"52,000",White cis female ,3,Philadelphia,"Produce daily news podcast (pitch ideas, book shows and guests, edit interviews, occasional reporting)","Associate producer, temp. producer, production intern "
reporter/producer,whyy,"53,500",nonbinary/afab/east asian,6,philadelphia,"pitch, report, write and produce audio features + help edit weekly podcast",permalancer (digital & print) - $35k
Camera Operator,WIN News Australia,"$45,000 (AUD)",Cis white male,1,Australia,Filming news segments for  prime time TV broadcast,
Associate editor,Wine Spectator,"$60,000 ",Cis female / White,6,New York,Writing and editing,
Producer,Wirecutter,"$45,000 ",,,Remote,,
Staff writer,Wirecutter,"$60,000 ",cis white female,3 years,NYC,"write, test, research",$52k Junior staff writer
Staff Writer,Wirecutter,"$62,000 ",CIS-het white male,"10 years FT journalism, 3 years freelance ",Remote,#NAME?,"-$60,000 starting Wirecutter salary
-$60,000 EIC at another org 2016
-$50,000 staff writer 2014
-$42,000 staff writer 2012
-$45,000 associate editor 2012"
Senior Staff Writer,Wirecutter,"$78,000 ",cis PoC male,15+ years writing/editing/breaking news/testing,Remote,#NAME?,"-$65k project manager early-mid 2000s (print+online)
-$85k prodcut reviewer mid-late 2000s (online)
-$95k senior product reviewer 2010s (online)"
Senior Staff Writer,Wirecutter,"$79,000 ",cis white male,"5+ years at WC, 3+ years in related work",NYC,#NAME?,"56k - Staff Writer
65k - Senior Staff Writer, Dec 2016
85k - Senior Staff Writer, June 2017"
Senior Staff Writer,Wirecutter,"$80,500 ",CIS white male,"4.5 Full Time, 6 Freelance for various publications",Remote," - Writing and updating guides
 - Photos for said guides when not possible for photo team to handle","$65,000 - Staff Writer, raises up to $70,000, then bump to $77,500 for Sr. Staff Writer, then another raise"
Senior Staff Writer,Wirecutter,"$83,400 ",,"5+ years at WC, 9+ years in journalism",Remote,#NAME?,"- $1500/month permalance writer
- Freelance contributing editor, varied per post
- $5000/month permalance writer
- $57,600 writer
- $63,448 writer
- $69,000 associate editor
- $75,000 lead editor
- $80,000 lead editor
- $83,400 lead editor"
Updates Writer,Wirecutter,"$51,175 (minus annual bonus)",cis-het white male,"~5 years at WC, ~1 year related work",NYC as of last year. Remote up till then,"Writes updates to live guides as needed
Edits and produces updates submitted by editors 
Writes and rewrites content from blogs to full guides","Producer at WC 
Jan 2019: $49,000
July 2018: $41,500
March 2018: $39,729
March 2017: $38,760
Salary at acquisition, Oct 2016: $38,000"
Senior Staff Writer,Wirecutter,"80,500",cis mixed-race woman,14,New York City,"writing, editing, on camera talent, photo styling, script writing, video producing, interior design, product testing, mentoring","starting 62,000 as staff writer"
Writer,Wirecutter,"62,000",Cis White Male,8,Remote,Writing guides / some media representation stuff ,Perma-lance positions: 50k 
Video Producer,Wirecutter,"75,000","Male, White",8,"New York, NY","Created Motion Graphics Package, Created Project and Data Workflow, Pitch Videos, Edit, & Shoot Camera","50,000 at Vox as a Motion Graphics Director, 70,000 at New Yorker as Video Producer, 90,000 as an Associate Producer at MTV, 3,000 a week at Thrillist (contract) 50,000 at Mustache Agency as Producer"
Updates Writer,Wirecutter,"50,000",Cis white female,3,NYC,"Implement requested updates/changes by editors and writers; utilize editorial discretion with requested changes, editing content for style/grammar/context; create requested updates, writing sections in guides based on given information; edit guides and lists from top to bottom, ensuring all elements of the guide are up-to-date, correct and working; partner with editors and writers in certain beats to work on testing and writing to gain experience; prove yourself with side projects; load any changes and text into the CMS; work cross-departmentally and cross-beats to be the generalists of all things Wirecutter.","-52,000/yr at Viacom as a permalance employee (team laid off right before the holidays unexpectedly in 2018)
-Freelance writer making what I could, when I could
-Communications Assistant at The University of South Carolina School of Law (15/hr)"
Staff writer ,Wirecutter ,"66,000",Cis/White,9,"New York, NY","Writing, editing, product testing, video producing, set decorating, script writing and producing, on camera work, interior design ","Assistant staff writer, 44,000"
Research Editor,Wirecutter / NY Times,"$70,000 ","cis-het white female
","1.5 years at Wirecutter, 6 years research / writing / fact-checking",NYC,"Aid in research projects, assist writers and editors, give workshops, report, edit, manage fact checker, fact check",
Associate Staff Writer,Wirecutter / NYT,"$56,000 ",cis white male,"5 years full-time writing, 4 part-time freelance writing before that, plus 6 years full-time and freelance media/video/audio",Remote,#NAME?,"$50,000 - WC Updates Writer, raised to $52,000
$60,000 - Staff Writer at another media company (started at $55K)
$54,000 - Copywriter
$34,000 - Web & New Media Manager"
Senior Photo Editor,Wirecutter / NYT,"$77,475 ",cis white female,7 not counting freelance work in college,NYC,"-Scheduling, producing, and photographing near-daily shoots. Retouching all my photos as well as any from freelancers or writers.
-Assigning shoots upcoming guides and blogs for the photo team and handling any last minute photo needs to meet deadline and insure quality.
-Collaborating with the Photo Director on defining our ongoing approach to creating a distinctly ""Wirecutter"" visual identity, as well as maintaining an ongoing relationship with the social team to have that reach across platforms.
-Working closely with ops to insure products and props get where they need to be for shoots as well occasional location scouting and negotiating.","-$1,369 bonus, plus a $2k referral bonus                                                        -75,000 in 2018
-72,000 Rights & Clearances Manager @ BuzzFeed 2017/2018
-63,0000ish Photo Editor @ BuzzFeed 2017
-61,000 Photo Editor @ BuzzFeed 2016
-56,000 Associate Photo Editor @ BuzzFeed 2015
-$31/hr + time and a half overtime/holiday)  Freelance Photo Editor @ ABC News 2014/2015
-$25/hr (+ time and a half overtime/holiday) Freelance Photo Editor @ ABC News 2013/2014
-$250 day rate Freelance Field Photo Editor @ Getty Images 2013/2014
- $25/hr Freelance Photo Editor @ Daily Mail 2013
- $10/hr + time and a half overtime Photo Intern at Quirky 2013"
Staff Writer,Wirecutter / NYT,"70,000",cis white female,3.5,New York City ,"Research, testing, writing","$53,000 / Hearst"
Assistant Editor,Wirecutter/NYT,"$62,000 ",cis white female,3 years of journalism experience prior to being hired as an updates writer,Greater NYC area,#NAME?,"-54,000 news assistant at NYT newsroom
-55,000 updates writer"
Lead Editor,Wirecutter/NYT,"$85,500 ",cis white male,"14 in journalism of some sort, 11 sole source of income, 5 of editing specifically",Greater LA area,#NAME?,"Hired at essentially same role in 2014 for 78k, freelance prior"
Senior Staff Writer,Wirecutter/NYT,"$85,116 ",cis white male,"2+ years at WC, 6 years in related work",Remote,#NAME?,"$82,000 in 2018, hired at $80,000 in 2017, making $85,000 as an editor at Conde before that"
Associate Staff Writer,Wirecutter/NYT,"55,000",White woman ,2,Remote,"Write & edit blog posts, roundups, news items, etc ","Editorial Assistant at Hearst, $32,000 "
Associate Photo Editor,Wirecutter/NYT,"58,000",cis white male ,3,New York City,"Photograph original content, retouch, coordinate shoot schedules with writers and editors, maintain studio space, produce and style original shoots, handling rush content from editors and processing images from freelancers and writers, selecting stock/product imagery ","$200-$300 a day as freelance assistant / photo assistant - various
$250 a day as freelance assistant editor - Amazon"
Associate Photo Editor (WFH),WIRED,$20-25 hourly,CIS Female / Hispanic ,1,San Francisco California ,"Crop images for home page, purchase wire art when needed, photograph special tech related events such as product launches, photograph products being reviewed, occasionally make portraits of relevant people ",Job prior was not in media $15/hr same region 
Photo Editor,Wired,"65,000",cis male / Vietnamese,2,San Francisco,"photo editing, photo research, photo producing","associate photo editor @ Wired: $24/hr
photo researcher @ Wired: $20/hr
research fellow (fact-checking) @ Wired: $15/hr
editorial intern (fact-checking + web production) @ The Nation: $15/hr "
Writer,WIRED,"60,000",Male / White,9,Remote,Reporting,
Staff Writer,Wired,"$75,000 ",cis white female,3,NYC,reporting,
assistant producer,WNYC,"~$56,000",cis-het white male,3,NYC,produce weekly podcast / radio program,
Associate Producer,WNYC,"70,000",Multiracial ,4,NYC,"Pitching, reporting, and producing ",
Senior Producer,WNYC,"$100,000 ",White,7,NYC ,Produce/script/research/book/direct,"Associate Producer, Assistant Producer. "
associate producer,WNYC,"87,500","white, cis, female",10,nyc,,
Government reporter/photojournalist,Woodward Communications Inc.,"$34,000 ",Cis het white woman,1.5,Wisconsin,"Covers two government beats, manages traffic, police coverage",Community reporter and Lead Community Reporter ($12.91 and $14.34)
News Producer,WRAL,"$45,000 ",White female,8,"Raleigh, NC","Layout newscast, choose stories, choose video, create graphics, write scripts for anchor",
Afternoon Editor,WTOP,"$73,000 ",White female,4,"Washington, D.C.",lead producer,
Assistant Editor/Editor,WTOP,"50,000","Cis female, asian ",2,"Washington, D.C. ","- Produce 7 hours of lineups consisting of reporter content, network content, original reporting and aggregated news from third-party sources
- Manage news assignments for 3-5 reporters
- Monitor breaking news situations, collect information and determine newsworthiness for broadcast and digital platforms
- Write and edit scripts for anchors under deadline
- Record and edit audio using Adobe Audition
- Pitch, report and produce 1-2 minute original stories with headlines and teases","Hired as News Assistant at $40,000"
Assignment Editor,WTVD - ABC News/Disney ,"62,000",Female,25,"Raleigh/Durham, NC ",Assignment Desk ,
Reporter,Wyoming Public Radio/Report for America,"50,000",cis Native woman,1.5,Wyoming ,Daily beat reporting ,"$65k as an associate producer at a large market NPR member station, $12/hour as an intern at a smaller member station "
News Editor,Wyoming Tribune Eagle,"36,000",Cis White Male,3,"Cheyenne, Wyoming",Oversee the copy desk. Lead team to produce daily newspaper and special publications. ,
Digital Producer,Yahoo Canada,$30/hour (CAD),"cis female, white	",7,Toronto,"writing, editing, videos",
Associate Producer ,Yahoo Finance ,$70K ,Female / Hispanic,4,New York ,"Lining, segment producing, creating rundowns, etc. ",Started at $35K as a PA back in 2015
Producer (Video),Yahoo/Verizon Media,$400/day,Female,15,Los Angeles,,
Senior Video Producer,Ziff Davis,"$65,000 ",,8+ years experience,NYC,,
Senior Political Editor ,,"$75,000 ",cis-het Black woman ,6,Los Angeles,I do EVERYTHING ,
,,,,,,"Cover daily news, report features, draft web copy","Previous salary titles: Beginning blogging career $40,000
End of blogging career 5 years later $60,000
Editor at now-nonexistent blog $80,000 plus $10K bonus
Editor at Daily Dot $65,000
Editor at Hello Giggles (Time Inc) $75,000"
News Applications Developer,,70000,cis white female,1,DC,"visualizations, interactives, data analysis, web development","Started at 65,000"
Section Editor,,"110,000.00",white cis female,7,NYC,"manage 7-person digital team; edit, write, report",
WordPress Developer,,86000,Male / Hispanic,10,Remote,"Develop custom themes/plugins, deploy code to production, maintain staging environments, video platform fixes, advertising fixes, data migration/conversion",
Associate Video Producer,,"$46,000 ",White Cis Male,3.5,New York,"Produce, shoot, livestream, edit, post, and write copy for all videos on website",Discovery Channel: Digital Associate Producer - $18/hr
Senior Reporter,,"$82,000 ",Female,6,NY/LA,"Daily stories, regular features, editorial planning and regular oversight of print product, event hosting",
Story Editor,,"$87,980 ",cis POC female,2.5,DC,"Assigning and editing stories (including developmental and line edits), primarily responsible for two reporters on my team",Associate editor: $70K
assistant audience editor,,75000,male poc,1.5,new york city,"edit, report, manage social channels, manage projects","propublica fellow (47k), atlantic fellow (35k)"
Reporter,,"60,000",cis white woman,6,"Oregon (city, not Portland)","Education coverage, mix of daily articles and enterprise/investigative work, data reporter and wrangler, also help with social media and general admin stuff bc we're a tiny newsroom","Formerly a beat reporter in Spokane, WA at $37k a year, before that beat reporter in rural Washington daily paper, $29k"
Social Media Manager,,"53,000",cis black female,2,"Washington, D.C.","Manages content and strategy for three social media accounts, works with writers on social copy and visual elements to accompany stories, tracks website and analytics, leads special projects and creates all video content. Edits daily articles and writes 1-4 stories a week.",First job out of college. Has a masters degree.
Managing Editor,,"50,200","Female, caucasian",3.5,Vancouver,"Overseeing a team of 2-3 people, setting deadlines, editing work, assisting in article structuring, writing titles, reporting","Previous title, staff writer @ 33,800 and Senior editor at 42,000 (starting)"
Digital Media Manager,,58000,CIS White Female,2,Washington DC,"Manage small advertising team under director of advertising, work with clients/account teams, write reports, set up client dashbords, and sometimes book TV, print and radio buys. A little bit of everything.",
Data Journalist,,90000,cis asian male,7,NY metro,"Data journalism, news application development, writing/reporting","Everything from reporter, to multimedia/web producer, to photographer, to news application developer"
Communications & Marketing Manager,,"64,000",Female/ Black,5,NYC,"Social media management, campaign management... social content creation/ pull analytics/ lead and execute social campaigns.. produce video content for social... support events.  + Overall management of communications - brand voice, emails, copy etc.. ",
Editor,,"$41,000 ",White female,9,Ohio,Write two stories/week and edit weekly newspaper,"Full-time reporter at $20,000/yr"
Content Director,,"68,000",cis white female,10,"Nashville, TN","managing editor of three periodicals + websites, manager of content team for add'l pubs",
engagement editor,,"$75,000 ","queer/nonbinary, white",3,"Washington, D.C.",manage/program social accounts for national news org; homepage; push alerts; some editing for digital stories; some reporting,"$45,000 as a temp doing the same job on the same team; previously internships/in college"
Photo Director,,"147,000",F / Central Asian,22,New York,,
Producer,,40000,female / white,5,Oregon,,
Video Editor / Motion Designer,,"50,000",Cis White Male,4,Los Angeles,"Sole Video Editor for startup company, edit and create motion graphics for TV shows, social media and commercial. Edit 2-5 videos a day depending on content",25 p/h for Assistant Editor
Freelancer,,12000,female,22,"St. Louis, MO","writing, photography, editing",reporter
Reporter,,"$67,500 ",Cishet white woman ,8,"Washington, D.C.","Reporter covering Congress, turning at least 2 daily stories, plus enterprise work, photo, video and audio. Regular on podcasts and national radio shows. Edit content for other reporters. Help manage social media for the brand. Advise on SEO, social best practices. ","Graduated journalism school. Started at local papers making $27k/year, no benefits as a reporter, photographer, page designer and editor. Laid off twice.

Moved to mid-size daily for 3 years covering city gov. Won state investigative and politics reporting awards. $29k/year with some benefits.

Job offer from state metro daily plus community papers for $35k/year with some benefits. Ended up one of 2 reporters filling 2 community newspapers. When company closed community papers, I moved to the daily. Eventually increased to $42k writing breaking/trending news after competing job offers. Generated millions in traffic (most of any staff) writing 3-8 stories/day, won breaking news award. 

Moved to DC after job offer from national outlet to cover Congress. $67,500/year, benefits, but working 50-60 hrs/week. "
Executive Producer,,115000,Male / Arab,16,Midwest,Managing Producers and Projects,
Supervising Producer,,"75,000 + 10% bonus","Female, Latina",4,New York,"Write scripts, coordinate production/ lead strategy on coverage, oversee producers",Staff Writer $50k/ Producer $25/hr
Systems Engineer,,72000 NZD,CIS Male - Hispanic,4.5,New Zealand,,
Page Editor,,$17.50/hr,she/her white,27,TN,,So many. All in the copy editing realm. Highest FT salary $54K in 2006.
Director of Marketing,,"$95,000 ",Asian Male,8,"Malibu, CA","Marketing Strategy, Execution, digital and social media, project management, 3rd party agency organization","Sr. Manager Brand Partnerships $75K
Media/Marketing Consultant $80K
Manager, Brand $65K "
Executive Editor,,"#130,000 + bonus",White female,25,NYC,,
Communications Specialist,,75000,Female,2,NYC,,
Senior reporter,,57k,"white, cis female ",10,New Orleans,"report, produce, edit ","reporter 27k, reporter 40k, reporter 43k, editor 52k"
Coordinator ,,"54,000","Female, white",3,New York City ,,$16/hr - Office Production Assistant
Production Manager,,"62,000",African American ,18,Los Angeles ,"Produce all shows in development, digital and brand. Working over 40 hours a week ",
Digital Producer,,"$51,500 ",,,"Denver, CO",Manage website and social media for TV station including writing stories and rewriting reporter stories. Create social graphics and videos for all platforms. ,